date,conditional_vol_annual,static_vol_annual,garch_var,static_var,portfolio_return
2013-02-11,0.09678895099779562,0.11352545184708202,0.014840071616067513,0.016060420463375302,-0.0004453456404985359
2013-02-12,0.08940869577655283,0.11352545184708202,0.01364367968402101,0.016060420463375302,0.0028353193565618696
2013-02-13,0.08396598411954247,0.11352545184708202,0.012761377362529464,0.016060420463375302,-0.0016757496843412927
2013-02-14,0.08028128046753441,0.11352545184708202,0.01216406065882577,0.016060420463375302,-0.0003881110714212821
2013-02-15,0.07580969979986306,0.11352545184708202,0.011439185586904307,0.016060420463375302,-0.0005762016965121554
2013-02-19,0.0723636677775485,0.11352545184708202,0.010880559254144941,0.016060420463375302,0.006379502635578554
2013-02-20,0.07889541380456715,0.11352545184708202,0.011939401802897067,0.016060420463375302,-0.011408368649837543
2013-02-21,0.11298714303912073,0.11352545184708202,0.01746591390620959,0.016060420463375302,-0.005920601309258262
2013-02-22,0.11283614864707334,0.11352545184708202,0.01744143663990723,0.016060420463375302,0.006938202323112874
2013-02-25,0.11082271490835373,0.11352545184708202,0.01711504469159345,0.016060420463375302,-0.015487358658084246
2013-02-26,0.15180406643671976,0.11352545184708202,0.023758413635227668,0.016060420463375302,0.007950744450415468
2013-02-27,0.14432289595169112,0.11352545184708202,0.022545662620223412,0.016060420463375302,0.011065260616138734
2013-02-28,0.14743755336427153,0.11352545184708202,0.02305057076876201,0.016060420463375302,-0.0010116635510141227
2013-03-01,0.1325095291427085,0.11352545184708202,0.020630631728081345,0.016060420463375302,0.001202501499090524
2013-03-04,0.11914283265754062,0.11352545184708202,0.018463795032930275,0.016060420463375302,0.003892280855832892
2013-03-05,0.10981234048863608,0.11352545184708202,0.01695125580247522,0.016060420463375302,0.007299779319653348
2013-03-06,0.10947545603847449,0.11352545184708202,0.016896644433881197,0.016060420463375302,0.0016681889737674045
2013-03-07,0.09975114098246031,0.11352545184708202,0.01532026370869883,0.016060420463375302,0.002806723281017741
2013-03-08,0.09243340625751878,0.11352545184708202,0.014134006794361078,0.016060420463375302,0.0009929442234491298
2013-03-11,0.08533622543630129,0.11352545184708202,0.012983503238557226,0.016060420463375302,0.001689579411741856
2013-03-12,0.0796779633246115,0.11352545184708202,0.012066258653255455,0.016060420463375302,-0.00220403294577275
2013-03-13,0.07778078681269539,0.11352545184708202,0.011758712829366953,0.016060420463375302,-0.00031660870826646925
2013-03-14,0.07372888344763162,0.11352545184708202,0.011101870437054935,0.016060420463375302,0.004219509023224929
2013-03-15,0.07381331101307609,0.11352545184708202,0.011115556746689507,0.016060420463375302,-0.0012767288688933023
2013-03-18,0.07160937931503149,0.11352545184708202,0.010758283722481263,0.016060420463375302,-0.003218510922528464
2013-03-19,0.07391684408209188,0.11352545184708202,0.011132340194518519,0.016060420463375302,-0.00031220523241924994
2013-03-20,0.07061379148765545,0.11352545184708202,0.010596891845288725,0.016060420463375302,0.0036449935903278656
2013-03-21,0.0702332770834886,0.11352545184708202,0.010535207750426753,0.016060420463375302,-0.004074001590819908
2013-03-22,0.07540505550951622,0.11352545184708202,0.011373589865644398,0.016060420463375302,0.006960475279292156
2013-03-25,0.08304015412086466,0.11352545184708202,0.012611293726170036,0.016060420463375302,-0.004331890357147285
2013-03-26,0.08553368563526711,0.11352545184708202,0.013015512943081132,0.016060420463375302,0.007952010671800677
2013-03-27,0.09369016632919339,0.11352545184708202,0.014337736552370242,0.016060420463375302,0.00011606900309133264
2013-03-28,0.08652492627363981,0.11352545184708202,0.013176200109976428,0.016060420463375302,0.0020418038895450713
2013-04-01,0.08086836900246415,0.11352545184708202,0.012259231891463529,0.016060420463375302,-0.00265478661859736
2013-04-02,0.07961893233207833,0.11352545184708202,0.012056689308959055,0.016060420463375302,0.004468342169470636
2013-04-03,0.07889576322288443,0.11352545184708202,0.011939458446094784,0.016060420463375302,-0.010441625141502844
2013-04-04,0.10800867888057572,0.11352545184708202,0.01665886941049594,0.016060420463375302,0.00521381098555445
2013-04-05,0.10292593465033574,0.11352545184708202,0.015834920372498982,0.016060420463375302,-0.0007620863209328588
2013-04-08,0.09475014005872774,0.11352545184708202,0.014509565842846,0.016060420463375302,0.004707128453104666
2013-04-09,0.09128264329318293,0.11352545184708202,0.013947459922341454,0.016060420463375302,0.005358004873204137
2013-04-10,0.0900074880192723,0.11352545184708202,0.013740748171042925,0.016060420463375302,0.009441521699033333
2013-04-11,0.10251479394847089,0.11352545184708202,0.01576827153666588,0.016060420463375302,0.002092185408744302
2013-04-12,0.0941372068427365,0.11352545184708202,0.014410205003347587,0.016060420463375302,-0.0010811563435838972
2013-04-15,0.08777877327267095,0.11352545184708202,0.013379457638163776,0.016060420463375302,-0.019500276315762347
2013-04-16,0.16325621984223146,0.11352545184708202,0.025614889262178392,0.016060420463375302,0.012325280541698066
2013-04-17,0.16589437429784473,0.11352545184708202,0.02604255288783506,0.016060420463375302,-0.013284397791792541
2013-04-18,0.17741933419347186,0.11352545184708202,0.02791083096534657,0.016060420463375302,-0.002698439674579802
2013-04-19,0.15957140939770617,0.11352545184708202,0.025017555246647102,0.016060420463375302,0.012623041933647407
2013-04-22,0.16414618076856263,0.11352545184708202,0.02575915826645816,0.016060420463375302,0.00475675254961665
2013-04-23,0.14872151694173427,0.11352545184708202,0.023258710408797293,0.016060420463375302,0.0072000501738648075
2013-04-24,0.1401116468524605,0.11352545184708202,0.021862989149574897,0.016060420463375302,0.001674651878678178
2013-04-25,0.12573760676185047,0.11352545184708202,0.019532854881884505,0.016060420463375302,0.004531848474647538
2013-04-26,0.11620686587235247,0.11352545184708202,0.01798785390769042,0.016060420463375302,-0.0031347569244584324
2013-04-29,0.1088550083291959,0.11352545184708202,0.016796065441504207,0.016060420463375302,0.006770916766477578
2013-04-30,0.10727674067321372,0.11352545184708202,0.01654021701436688,0.016060420463375302,0.0016519956824377277
2013-05-01,0.09789708940399569,0.11352545184708202,0.015019708743649853,0.016060420463375302,-0.009059606259099715
2013-05-02,0.11324290836770785,0.11352545184708202,0.017507375287482436,0.016060420463375302,0.007798057268355099
2013-05-03,0.11355105649162121,0.11352545184708202,0.017557328292937324,0.016060420463375302,0.006522010436625297
2013-05-06,0.11031390626396702,0.11352545184708202,0.01703256318670624,0.016060420463375302,0.0025171051819545716
2013-05-07,0.10096262007877843,0.11352545184708202,0.015516653098120774,0.016060420463375302,0.005605143744030559
2013-05-08,0.09817300515848051,0.11352545184708202,0.015064436652467969,0.016060420463375302,0.005148789983993429
2013-05-09,0.09493470799868925,0.11352545184708202,0.01453948562036925,0.016060420463375302,-0.006534504311541865
2013-05-10,0.1013696094750869,0.11352545184708202,0.015582628977758434,0.016060420463375302,0.0028226615084307252
2013-05-13,0.09378904549693673,0.11352545184708202,0.014353765569658847,0.016060420463375302,-0.0013547419795143165
2013-05-14,0.08780468949525534,0.11352545184708202,0.013383658842414796,0.016060420463375302,0.008141005835315799
2013-05-15,0.0959736713457689,0.11352545184708202,0.014707908978217407,0.016060420463375302,0.004321361450220464
2013-05-16,0.09151345418530818,0.11352545184708202,0.013984876011743388,0.016060420463375302,-0.0048974443047010464
2013-05-17,0.09353110991997539,0.11352545184708202,0.014311952375668471,0.016060420463375302,0.008205037672289694
2013-05-20,0.10025944709297262,0.11352545184708202,0.015402663749266052,0.016060420463375302,0.0006141837489358447
2013-05-21,0.09186683275054255,0.11352545184708202,0.014042161193858456,0.016060420463375302,0.0017619119726366705
2013-05-22,0.0850967165258173,0.11352545184708202,0.012944677138433815,0.016060420463375302,-0.007683760806860451
2013-05-23,0.09900883690451646,0.11352545184708202,0.01519993093112482,0.016060420463375302,-0.0038334303278031827
2013-05-24,0.09646733055083417,0.11352545184708202,0.014787934651099375,0.016060420463375302,-0.0003880881660507998
2013-05-28,0.08910262024433153,0.11352545184708202,0.013594062660439984,0.016060420463375302,0.0037137436043909906
2013-05-29,0.08493680666543164,0.11352545184708202,0.012918754611219661,0.016060420463375302,-0.007672107225530848
2013-05-30,0.09885499180158443,0.11352545184708202,0.015174991544285869,0.016060420463375302,0.002806795606524106
2013-05-31,0.09169279385937854,0.11352545184708202,0.01401394825013103,0.016060420463375302,-0.011776561385208745
2013-06-03,0.12199059272263581,0.11352545184708202,0.018925437220652663,0.016060420463375302,0.0074520438153685455
2013-06-04,0.11934838843994147,0.11352545184708202,0.018497117089184105,0.016060420463375302,-0.004135387686293766
2013-06-05,0.11335886563537306,0.11352545184708202,0.017526172786395143,0.016060420463375302,-0.011236000413135421
2013-06-06,0.13281701312691882,0.11352545184708202,0.0206804770717605,0.016060420463375302,0.009288978845459043
2013-06-07,0.13301547358804072,0.11352545184708202,0.020712648925903576,0.016060420463375302,0.010837219444611294
2013-06-10,0.1382469124220371,0.11352545184708202,0.0215607024181423,0.016060420463375302,0.0006117719484109232
2013-06-11,0.1240245744031839,0.11352545184708202,0.019255160136675116,0.016060420463375302,-0.009226823196500936
2013-06-12,0.13201686044044605,0.11352545184708202,0.02055076662275788,0.016060420463375302,-0.007040247966288438
2013-06-13,0.1307588647966685,0.11352545184708202,0.020346836569711334,0.016060420463375302,0.01357166530899103
2013-06-14,0.14716317562204956,0.11352545184708202,0.023006092182685116,0.016060420463375302,-0.003959672089485996
2013-06-17,0.13582092082730463,0.11352545184708202,0.021167431903215333,0.016060420463375302,0.006251838036215138
2013-06-18,0.1275930761063151,0.11352545184708202,0.019833639676899124,0.016060420463375302,0.0056438556090395615
2013-06-19,0.11966489829309454,0.11352545184708202,0.018548425590499292,0.016060420463375302,-0.013952146375218629
2013-06-20,0.14931778433686416,0.11352545184708202,0.023355369600043478,0.016060420463375302,-0.026930011738184222
2013-06-21,0.23476472510049387,0.11352545184708202,0.03720692723363535,0.016060420463375302,0.003912751571203205
2013-06-24,0.20837420371964022,0.11352545184708202,0.03292883576985028,0.016060420463375302,-0.011319693231968984
2013-06-25,0.20288608343078415,0.11352545184708202,0.03203917238574546,0.016060420463375302,0.00926233163893632
2013-06-26,0.18893314855647428,0.11352545184708202,0.029777302272643393,0.016060420463375302,0.007884346274570693
2013-06-27,0.17457926246296132,0.11352545184708202,0.02745043511141512,0.016060420463375302,0.004403192503353533
2013-06-28,0.15715775450810007,0.11352545184708202,0.02462628459948064,0.016060420463375302,-0.0008015945869407903
2013-07-01,0.14068332860289476,0.11352545184708202,0.021955662832721944,0.016060420463375302,0.0026626106130435527
2013-07-02,0.12672354326536073,0.11352545184708202,0.019692682210743623,0.016060420463375302,-0.0008260187040575878
2013-07-03,0.11478437388430701,0.11352545184708202,0.017757257825728394,0.016060420463375302,0.00036969040430818306
2013-07-05,0.10412201670795422,0.11352545184708202,0.016028813792293123,0.016060420463375302,0.004502969990644121
2013-07-08,0.09842046745338194,0.11352545184708202,0.015104552052847841,0.016060420463375302,0.0037669077745725206
2013-07-09,0.09256354901857032,0.11352545184708202,0.014155103862777919,0.016060420463375302,0.009109279090367007
2013-07-10,0.10293838300099321,0.11352545184708202,0.01583693833879519,0.016060420463375302,0.00045038486082323373
2013-07-11,0.09413641326419835,0.11352545184708202,0.014410076358614844,0.016060420463375302,0.015346087500948596
2013-07-12,0.1329656952725995,0.11352545184708202,0.02070457950645947,0.016060420463375302,0.0008643821749145415
2013-07-15,0.11950656043377296,0.11352545184708202,0.018522757895853097,0.016060420463375302,0.0025714505124233254
2013-07-16,0.10872534329995569,0.11352545184708202,0.016775045816816287,0.016060420463375302,-0.0017755220240128489
2013-07-17,0.10062649639374623,0.11352545184708202,0.015462165054972242,0.016060420463375302,0.0006621365141012032
2013-07-18,0.09216850313449051,0.11352545184708202,0.014091064111531802,0.016060420463375302,0.004361570591231323
2013-07-19,0.08854210614172045,0.11352545184708202,0.013503199332538804,0.016060420463375302,-0.0012934705398604113
2013-07-22,0.08344890547081305,0.11352545184708202,0.012677555231041006,0.016060420463375302,0.002914535972989296
2013-07-23,0.07922367486155403,0.11352545184708202,0.01199261525804341,0.016060420463375302,0.0014067043446591085
2013-07-24,0.07455685683496598,0.11352545184708202,0.011236090819800619,0.016060420463375302,-0.005431503789710038
2013-07-25,0.08307076374044886,0.11352545184708202,0.012616255763500148,0.016060420463375302,0.0016903769930471484
2013-07-26,0.07782222505224377,0.11352545184708202,0.011765430263112496,0.016060420463375302,0.00045496034111505365
2013-07-29,0.07336655167939067,0.11352545184708202,0.011043133876969603,0.016060420463375302,-0.001906028550860625
2013-07-30,0.07229121842689472,0.11352545184708202,0.010868814698434362,0.016060420463375302,0.0013337052746792318
2013-07-31,0.06892166991013826,0.11352545184708202,0.010322586886626,0.016060420463375302,-0.0024029047213133745
2013-08-01,0.06989770832264339,0.11352545184708202,0.010480809664440989,0.016060420463375302,0.007324710496559399
2013-08-02,0.08064741301853973,0.11352545184708202,0.01222341335286561,0.016060420463375302,-1.4821818129000242e-05
2013-08-05,0.0758572277050246,0.11352545184708202,0.011446890198815106,0.016060420463375302,-0.002299682151604525
2013-08-06,0.07498780075315929,0.11352545184708202,0.011305949898035067,0.016060420463375302,-0.006770899139495357
2013-08-07,0.08860043052524139,0.11352545184708202,0.013512654130481996,0.016060420463375302,-0.003035142246111379
2013-08-08,0.0864816851855006,0.11352545184708202,0.01316919042163479,0.016060420463375302,0.003568534765660703
2013-08-09,0.08259817813857419,0.11352545184708202,0.012539646271777314,0.016060420463375302,-0.002951561864620835
2013-08-12,0.08161274267104161,0.11352545184708202,0.012379900164418456,0.016060420463375302,-0.0012421518768074569
2013-08-13,0.0777800895971896,0.11352545184708202,0.011758599805768035,0.016060420463375302,0.001165277223421208
2013-08-14,0.0733135842701002,0.11352545184708202,0.011034547482700456,0.016060420463375302,-0.0027193601606504553
2013-08-15,0.07395066240538994,0.11352545184708202,0.011137822385572383,0.016060420463375302,-0.01051845352954298
2013-08-16,0.1056921841313281,0.11352545184708202,0.01628334911403643,0.016060420463375302,-0.0050497622783550085
2013-08-19,0.10476817331724131,0.11352545184708202,0.016133560380455075,0.016060420463375302,-0.004462298364804541
2013-08-20,0.1025135903779248,0.11352545184708202,0.01576807642930877,0.016060420463375302,0.003130348158850285
2013-08-21,0.09507020616207078,0.11352545184708202,0.014561450837643874,0.016060420463375302,-0.008506902470794137
2013-08-22,0.1090474168335309,0.11352545184708202,0.016827256230351313,0.016060420463375302,0.007066671136368108
2013-08-23,0.10823079161482684,0.11352545184708202,0.01669487546655996,0.016060420463375302,0.006988648311833219
2013-08-26,0.10738415336143217,0.11352545184708202,0.0165576293760985,0.016060420463375302,-0.005356015951965821
2013-08-27,0.10691957001633628,0.11352545184708202,0.01648231710718996,0.016060420463375302,-0.011553832963362824
2013-08-28,0.1301139075981942,0.11352545184708202,0.020242284414584095,0.016060420463375302,0.0011983372340448467
2013-08-29,0.11710159164940873,0.11352545184708202,0.018132895328207024,0.016060420463375302,0.0018987086225031036
2013-08-30,0.10627847813356434,0.11352545184708202,0.016378391547266072,0.016060420463375302,-0.002780779325861918
2013-09-03,0.1001325174624188,0.11352545184708202,0.015382087552186154,0.016060420463375302,-0.0009031333543122223
2013-09-04,0.0925520652501959,0.11352545184708202,0.014153242262139352,0.016060420463375302,0.007260220780480907
2013-09-05,0.09635269391806604,0.11352545184708202,0.014769351236508776,0.016060420463375302,-0.0026019288055414112
2013-09-06,0.09178311007010767,0.11352545184708202,0.014028589151103986,0.016060420463375302,0.003110801198296799
2013-09-09,0.08623501440105998,0.11352545184708202,0.013129203330737594,0.016060420463375302,0.009892176369481694
2013-09-10,0.10190119997581,0.11352545184708202,0.015668803583805537,0.016060420463375302,0.005106928708142812
2013-09-11,0.09781031310799788,0.11352545184708202,0.015005641688065403,0.016060420463375302,0.0013796028317614104
2013-09-12,0.08988137320865457,0.11352545184708202,0.01372030406207765,0.016060420463375302,-0.0047661451455723175
2013-09-13,0.09191903610773482,0.11352545184708202,0.014050623729841059,0.016060420463375302,0.0032739454555360085
2013-09-16,0.08655949026426957,0.11352545184708202,0.013181803179015255,0.016060420463375302,0.005185382610619356
2013-09-17,0.08592982074407465,0.11352545184708202,0.013079729265412855,0.016060420463375302,0.0029722451513203296
2013-09-18,0.08130228019279008,0.11352545184708202,0.012329571985642987,0.016060420463375302,0.016486507916450035
2013-09-19,0.13272244885365078,0.11352545184708202,0.02066514752959615,0.016060420463375302,-0.003199632227574547
2013-09-20,0.12257596971040902,0.11352545184708202,0.019020330999307056,0.016060420463375302,-0.010064292653765308
2013-09-23,0.1341800731506408,0.11352545184708202,0.020901438809043278,0.016060420463375302,-0.003663115228146597
2013-09-24,0.12455832881378874,0.11352545184708202,0.019341685527924975,0.016060420463375302,-0.0025447529320828735
2013-09-25,0.1148030843182105,0.11352545184708202,0.017760290920316068,0.016060420463375302,-0.002898659441763894
2013-09-26,0.10729717539803275,0.11352545184708202,0.016543529628792016,0.016060420463375302,0.003613451881013835
2013-09-27,0.09962506402926308,0.11352545184708202,0.01529982573669103,0.016060420463375302,-0.0058571525056478994
2013-09-30,0.10253664944263781,0.11352545184708202,0.01577181446792074,0.016060420463375302,-0.006407682178855793
2013-10-01,0.10647225584028475,0.11352545184708202,0.016409804293571036,0.016060420463375302,0.004856981046905445
2013-10-02,0.10097966341965511,0.11352545184708202,0.015519415945056104,0.016060420463375302,0.0007986946973392028
2013-10-03,0.09245545691967208,0.11352545184708202,0.014137581363736476,0.016060420463375302,-0.009262465014497113
2013-10-04,0.11057364124084924,0.11352545184708202,0.017074668076238756,0.016060420463375302,0.0035076174829409383
2013-10-07,0.10219794840328182,0.11352545184708202,0.015716908617280922,0.016060420463375302,-0.005048307911461953
2013-10-08,0.10207308762554212,0.11352545184708202,0.015696667795976144,0.016060420463375302,-0.009419539590413549
2013-10-09,0.11753660062871121,0.11352545184708202,0.01820341338179781,0.016060420463375302,0.0016612584985954935
2013-10-10,0.10654569855769613,0.11352545184708202,0.01642170988110758,0.016060420463375302,0.018561860448497322
2013-10-11,0.15682308052903102,0.11352545184708202,0.024572031563993246,0.016060420463375302,0.004738361277782866
2013-10-14,0.1425134058044189,0.11352545184708202,0.02225233138052821,0.016060420463375302,0.003576198900939534
2013-10-15,0.12905956750498654,0.11352545184708202,0.020071368376678514,0.016060420463375302,-0.005841618070446298
2013-10-16,0.12514623809563247,0.11352545184708202,0.019436989809482687,0.016060420463375302,0.013941642486246273
2013-10-17,0.14497570189972242,0.11352545184708202,0.022651487113551038,0.016060420463375302,0.005759845514074408
2013-10-18,0.13418121602844035,0.11352545184708202,0.02090162407767393,0.016060420463375302,0.007391033699740358
2013-10-21,0.1288341616904517,0.11352545184708202,0.020034828488847856,0.016060420463375302,0.0011759700468600628
2013-10-22,0.11600915636453127,0.11352545184708202,0.017955803788425526,0.016060420463375302,0.007385195472755242
2013-10-23,0.1145022374311343,0.11352545184708202,0.017711521497350415,0.016060420463375302,-0.006141967839809654
2013-10-24,0.11464439079796342,0.11352545184708202,0.017734565570500904,0.016060420463375302,0.0022932488199642227
2013-10-25,0.10443313585522518,0.11352545184708202,0.016079248421793306,0.016060420463375302,0.007551884048056966
2013-10-28,0.1061226267674945,0.11352545184708202,0.016353126930884285,0.016060420463375302,-0.0004731596833692682
2013-10-29,0.0972042508959658,0.11352545184708202,0.014907394687242666,0.016060420463375302,0.0037097327017540475
2013-10-30,0.09148627876037062,0.11352545184708202,0.013980470681823134,0.016060420463375302,-0.0027844495583475883
2013-10-31,0.08823948181925897,0.11352545184708202,0.013454141774638663,0.016060420463375302,-0.0037843003561504364
2013-11-01,0.08796943738393412,0.11352545184708202,0.013410365648470722,0.016060420463375302,0.0022376480848059765
2013-11-04,0.08220247988661107,0.11352545184708202,0.012475500767051279,0.016060420463375302,0.003636530398232779
2013-11-05,0.07929334266194339,0.11352545184708202,0.01200390890464649,0.016060420463375302,-0.003179592617806582
2013-11-06,0.07960510501235385,0.11352545184708202,0.012054447801956346,0.016060420463375302,0.009212494810325936
2013-11-07,0.09470829862151063,0.11352545184708202,0.014502783047886865,0.016060420463375302,-0.011953584828484853
2013-11-08,0.12461931054675277,0.11352545184708202,0.019351571101138,0.016060420463375302,0.009970245725827193
2013-11-11,0.12905081850772573,0.11352545184708202,0.02006995010191395,0.016060420463375302,-0.0004002992161137864
2013-11-12,0.11649620458802501,0.11352545184708202,0.018034757774112675,0.016060420463375302,-0.002606033104705467
2013-11-13,0.10821679773557179,0.11352545184708202,0.01669260695907114,0.016060420463375302,0.007169198574037052
2013-11-14,0.10787832958859021,0.11352545184708202,0.01663773886194383,0.016060420463375302,0.0071875000108360225
2013-11-15,0.1076702497441929,0.11352545184708202,0.016604007637264512,0.016060420463375302,0.003986830512395359
2013-11-18,0.10046426821570449,0.11352545184708202,0.015435866711955445,0.016060420463375302,-0.002277371462298016
2013-11-19,0.09455696946099887,0.11352545184708202,0.014478251513232274,0.016060420463375302,-0.0013579904581957417
2013-11-20,0.08843746307469601,0.11352545184708202,0.01348623594612741,0.016060420463375302,-0.006327445635714791
2013-11-21,0.09600596880944433,0.11352545184708202,0.014713144627095193,0.016060420463375302,0.0064407938493404385
2013-11-22,0.09647611538788756,0.11352545184708202,0.014789358735749554,0.016060420463375302,0.0010801112154288917
2013-11-25,0.08870761456529525,0.11352545184708202,0.013530029426717752,0.016060420463375302,0.0008165078204602563
2013-11-26,0.08224472432649846,0.11352545184708202,0.01248234889161337,0.016060420463375302,-0.0016242514660592781
2013-11-27,0.07882524000486855,0.11352545184708202,0.011928026130202335,0.016060420463375302,0.001661015296607806
2013-11-29,0.07434566897200179,0.11352545184708202,0.011201855763176933,0.016060420463375302,-0.00026069815181006817
2013-12-02,0.0709180318068552,0.11352545184708202,0.010646211367768943,0.016060420463375302,-0.004291631140084427
2013-12-03,0.07658884457362829,0.11352545184708202,0.011565490503642938,0.016060420463375302,-0.00289552352978421
2013-12-04,0.07685823537151643,0.11352545184708202,0.011609160670527313,0.016060420463375302,0.0007609825466687974
2013-12-05,0.07253434624379772,0.11352545184708202,0.01090822744906141,0.016060420463375302,-0.00568036066381673
2013-12-06,0.08262492671708045,0.11352545184708202,0.012543982406851138,0.016060420463375302,0.010102500985856275
2013-12-09,0.10051215647638954,0.11352545184708202,0.015443629740062987,0.016060420463375302,0.0013229226604554861
2013-12-10,0.0921222370919841,0.11352545184708202,0.014083564056544123,0.016060420463375302,-0.0021321346819719415
2013-12-11,0.08756191905087375,0.11352545184708202,0.013344304024418599,0.016060420463375302,-0.011384572979057858
2013-12-12,0.11765772306990908,0.11352545184708202,0.01822304819212548,0.016060420463375302,-0.0056519918639487444
2013-12-13,0.11569422088719294,0.11352545184708202,0.017904750504642297,0.016060420463375302,-0.0008952766048892884
2013-12-16,0.10553742207251776,0.11352545184708202,0.016258261082119235,0.016060420463375302,0.004785409193082086
2013-12-17,0.10008772774945401,0.11352545184708202,0.0153748268207313,0.016060420463375302,-0.004182833689806344
2013-12-18,0.09815605107647075,0.11352545184708202,0.015061688275030648,0.016060420463375302,0.016064648407927835
2013-12-19,0.138938404564141,0.11352545184708202,0.02167279821904434,0.016060420463375302,-0.0012420150149727235
2013-12-20,0.12545017558566776,0.11352545184708202,0.01948626024119866,0.016060420463375302,0.0040512319501103365
2013-12-23,0.11527725454014422,0.11352545184708202,0.017837157290235817,0.016060420463375302,0.00412953498408293
2013-12-24,0.10694330035307979,0.11352545184708202,0.016486163963778735,0.016060420463375302,0.0030616141069007806
2013-12-26,0.09866299698278258,0.11352545184708202,0.015143867816809872,0.016060420463375302,0.004331747940742512
2013-12-27,0.0936978943897894,0.11352545184708202,0.014338989326030538,0.016060420463375302,-0.00020760858819631953
2013-12-30,0.08669313583496382,0.11352545184708202,0.013203468077821481,0.016060420463375302,-0.0014813941974924257
2013-12-31,0.0821954323182475,0.11352545184708202,0.01247435830602819,0.016060420463375302,0.003215260760896052
2014-01-02,0.07862357730376063,0.11352545184708202,0.011895335170151825,0.016060420463375302,-0.00466580426509601
2014-01-03,0.08331586356623041,0.11352545184708202,0.01265598819081066,0.016060420463375302,-0.0003077451789981374
2014-01-06,0.07821901693644247,0.11352545184708202,0.011829753053412544,0.016060420463375302,0.0003362557858289372
2014-01-07,0.07372455004997149,0.11352545184708202,0.011101167962432648,0.016060420463375302,0.006375609750982201
2014-01-08,0.07984200760389573,0.11352545184708202,0.012092851399217565,0.016060420463375302,-0.0033566400264386648
2014-01-09,0.08046333986905992,0.11352545184708202,0.012193573784403241,0.016060420463375302,-0.002729670693119933
2014-01-10,0.07946535494397888,0.11352545184708202,0.012031793320601081,0.016060420463375302,0.0028624140554909284
2014-01-13,0.07595284961646928,0.11352545184708202,0.01146239119166018,0.016060420463375302,-0.010424295192596782
2014-01-14,0.10629104057693259,0.11352545184708202,0.016380428008803245,0.016060420463375302,0.007796719286164305
2014-01-15,0.1082751010563863,0.11352545184708202,0.016702058342599614,0.016060420463375302,0.007307310667849919
2014-01-16,0.10831750503861028,0.11352545184708202,0.016708932330110695,0.016060420463375302,-0.0010333490945124146
2014-01-17,0.09947932512289678,0.11352545184708202,0.015276200422046079,0.016060420463375302,-0.0034647207603681514
2014-01-21,0.09600607084020718,0.11352545184708202,0.014713161167008493,0.016060420463375302,0.0033429620930734115
2014-01-22,0.08998598021635071,0.11352545184708202,0.013737261603015118,0.016060420463375302,-0.0018435912102407852
2014-01-23,0.08538057773001886,0.11352545184708202,0.012990693061236899,0.016060420463375302,-0.0040761086969605224
2014-01-24,0.08656271687253768,0.11352545184708202,0.013182326235194768,0.016060420463375302,-0.017555721506408415
2014-01-27,0.15115568407677385,0.11352545184708202,0.02365330623703258,0.016060420463375302,-0.002708617167371214
2014-01-28,0.13730991820394142,0.11352545184708202,0.021408808982305925,0.016060420463375302,0.005663863320111807
2014-01-29,0.12767674445481295,0.11352545184708202,0.019847202912059658,0.016060420463375302,-0.01098458754146149
2014-01-30,0.14140078017704338,0.11352545184708202,0.022071966842436248,0.016060420463375302,0.008249441225383146
2014-01-31,0.13675190532258907,0.11352545184708202,0.021318351120183973,0.016060420463375302,-0.008946634295430158
2014-02-03,0.14036581535414472,0.11352545184708202,0.021904191673834505,0.016060420463375302,-0.018766058273484626
2014-02-04,0.18554693134503897,0.11352545184708202,0.02922837234671652,0.016060420463375302,0.0032941610610610975
2014-02-05,0.1655405520606001,0.11352545184708202,0.025985195783327385,0.016060420463375302,-0.0029538235627825926
2014-02-06,0.14977339433095718,0.11352545184708202,0.023429227224848068,0.016060420463375302,0.010543140630658917
2014-02-07,0.14987926565219242,0.11352545184708202,0.023446389720014407,0.016060420463375302,0.010134801052402224
2014-02-10,0.14870642279591897,0.11352545184708202,0.023256263540263184,0.016060420463375302,0.0027018952066060788
2014-02-11,0.13358488177309547,0.11352545184708202,0.020804954047910725,0.016060420463375302,0.012111711024315637
2014-02-12,0.1433083742386148,0.11352545184708202,0.02238120142531556,0.016060420463375302,-0.002472864200917437
2014-02-13,0.13040310156224663,0.11352545184708202,0.020289164815737837,0.016060420463375302,0.008616548290927572
2014-02-14,0.129149618332075,0.11352545184708202,0.020085966257073307,0.016060420463375302,0.005579391711083577
2014-02-18,0.12081490864233484,0.11352545184708202,0.01873485045825195,0.016060420463375302,-0.0024316900916369413
2014-02-19,0.11153218647263075,0.11352545184708202,0.017230055084875552,0.016060420463375302,-0.006381951338420299
2014-02-20,0.11311006157613225,0.11352545184708202,0.017485839876460085,0.016060420463375302,0.007795514580450007
2014-02-21,0.11344202709504349,0.11352545184708202,0.017539653851266795,0.016060420463375302,-0.004122102404418151
2014-02-24,0.10858301858069119,0.11352545184708202,0.016751973966215687,0.016060420463375302,0.004886810676226847
2014-02-25,0.10274394181111876,0.11352545184708202,0.015805418037145767,0.016060420463375302,-0.0020766083099839454
2014-02-26,0.09611061588675039,0.11352545184708202,0.014730108663601794,0.016060420463375302,-0.0013346132300656628
2014-02-27,0.08968395517543228,0.11352545184708202,0.013688301192921063,0.016060420463375302,0.004096464659680544
2014-02-28,0.08606341576152092,0.11352545184708202,0.013101385969177554,0.016060420463375302,0.003327533733310954
2014-03-03,0.081894091583837,0.11352545184708202,0.012425508826892565,0.016060420463375302,-0.005670803000238329
2014-03-04,0.08904163774181513,0.11352545184708202,0.013584176962477042,0.016060420463375302,0.012480203722693171
2014-03-05,0.11552622488212642,0.11352545184708202,0.017877517155787486,0.016060420463375302,1.5993318953910762e-06
2014-03-06,0.10486159824340446,0.11352545184708202,0.016148705226339526,0.016060420463375302,0.00228556927342604
2014-03-07,0.09622762144367075,0.11352545184708202,0.014749076097668467,0.016060420463375302,0.00025537304477852435
2014-03-10,0.08858264475148439,0.11352545184708202,0.013509770929889307,0.016060420463375302,-0.0016380310027346544
2014-03-11,0.08394252364410462,0.11352545184708202,0.012757574252380234,0.016060420463375302,-0.0015412482937573364
2014-03-12,0.08006312128849463,0.11352545184708202,0.012128695502217929,0.016060420463375302,0.0012701411344182012
2014-03-13,0.07519799453479412,0.11352545184708202,0.011340023806995616,0.016060420463375302,-0.007247121537011271
2014-03-14,0.09075225450794433,0.11352545184708202,0.013861480122932764,0.016060420463375302,-0.0007629266399374161
2014-03-17,0.08468202966433584,0.11352545184708202,0.012877453444871827,0.016060420463375302,0.00798168632783076
2014-03-18,0.09320503585794658,0.11352545184708202,0.014259093447980169,0.016060420463375302,0.005590003789524265
2014-03-19,0.09206950190023534,0.11352545184708202,0.014075015306392297,0.016060420463375302,-0.006363787123510999
2014-03-20,0.09871569776446354,0.11352545184708202,0.01515241098884465,0.016060420463375302,0.00836909534892372
2014-03-21,0.10456401012710714,0.11352545184708202,0.01610046407332543,0.016060420463375302,-0.0017883851118009261
2014-03-24,0.09720521930231535,0.11352545184708202,0.014907551672808723,0.016060420463375302,-0.002538742633503302
2014-03-25,0.0923563378852906,0.11352545184708202,0.01412151346235755,0.016060420463375302,0.004670567622726964
2014-03-26,0.08930705627859341,0.11352545184708202,0.01362720319754587,0.016060420463375302,-0.007717450571406166
2014-03-27,0.10194733162401164,0.11352545184708202,0.015676281852519278,0.016060420463375302,8.588900684105769e-05
2014-03-28,0.09341614371512205,0.11352545184708202,0.014293315535095719,0.016060420463375302,0.006241869686998459
2014-03-31,0.09394762821977817,0.11352545184708202,0.01437947295842548,0.016060420463375302,0.004612667186025186
2014-04-01,0.09045275353976336,0.11352545184708202,0.013812928883005386,0.016060420463375302,0.003783288444267476
2014-04-02,0.08613654065269304,0.11352545184708202,0.01311324003481722,0.016060420463375302,0.0022292844970091957
2014-04-03,0.08069449354591345,0.11352545184708202,0.012231045441650872,0.016060420463375302,-0.00028028636279144037
2014-04-04,0.07606403731913346,0.11352545184708202,0.011480415510118344,0.016060420463375302,-0.008594858196258798
2014-04-07,0.09735970229985333,0.11352545184708202,0.014932594466906254,0.016060420463375302,-0.005410982954340036
2014-04-08,0.09945955103861583,0.11352545184708202,0.015272994902157111,0.016060420463375302,0.006738043562461684
2014-04-09,0.09994900363980774,0.11352545184708202,0.015352338654592623,0.016060420463375302,0.006004992257505511
2014-04-10,0.0983533735827079,0.11352545184708202,0.01509367565858262,0.016060420463375302,-0.014611929612975898
2014-04-11,0.14035848820212277,0.11352545184708202,0.021903003890309254,0.016060420463375302,-0.008641504518894075
2014-04-14,0.14207024434182583,0.11352545184708202,0.022180491751335685,0.016060420463375302,0.0068292102170759775
2014-04-15,0.1338964654968069,0.11352545184708202,0.020855463988560526,0.016060420463375302,0.0072595383699652245
2014-04-16,0.12828660006345557,0.11352545184708202,0.019946064849488764,0.016060420463375302,0.007981619179811307
2014-04-17,0.12570978506177716,0.11352545184708202,0.019528344786162107,0.016060420463375302,-0.0007974080733440594
2014-04-21,0.11390682921355623,0.11352545184708202,0.017615001584904266,0.016060420463375302,0.0044795105252386225
2014-04-22,0.10636283774172269,0.11352545184708202,0.016392066840540585,0.016060420463375302,0.003436300318444649
2014-04-23,0.09862243946424058,0.11352545184708202,0.015137293154211782,0.016060420463375302,-0.0018476713358831706
2014-04-24,0.09240712523103085,0.11352545184708202,0.014129746452799234,0.016060420463375302,0.004321625085748286
2014-04-25,0.08865649088301748,0.11352545184708202,0.013521741913728015,0.016060420463375302,-0.005961548365465176
2014-04-28,0.09486569889188454,0.11352545184708202,0.01452829875268732,0.016060420463375302,0.0018507548934379274
2014-04-29,0.08762852317955035,0.11352545184708202,0.013355101028018191,0.016060420463375302,0.002869239959391239
2014-04-30,0.08255518232475402,0.11352545184708202,0.012532676344149587,0.016060420463375302,0.0007743478544430353
2014-05-01,0.07718173797111182,0.11352545184708202,0.011661602745841724,0.016060420463375302,-0.0007691272808750954
2014-05-02,0.07365963393561285,0.11352545184708202,0.011090644597975693,0.016060420463375302,-0.0018749433255159792
2014-05-05,0.07246243800374078,0.11352545184708202,0.010896570611232259,0.016060420463375302,0.0008276469565664524
2014-05-06,0.06897760774409771,0.11352545184708202,0.010331654807888753,0.016060420463375302,-0.008862727518357628
2014-05-07,0.09454803436693346,0.11352545184708202,0.01447680307085034,0.016060420463375302,0.006236552941585486
2014-05-08,0.09479669515254491,0.11352545184708202,0.014517112755109711,0.016060420463375302,-0.0010455434928319483
2014-05-09,0.08828364890538082,0.11352545184708202,0.013461301573848056,0.016060420463375302,-0.0007039851269092304
2014-05-12,0.08260363621579549,0.11352545184708202,0.012540531064966208,0.016060420463375302,0.006818844897975768
2014-05-13,0.08766165829735206,0.11352545184708202,0.013360472466595448,0.016060420463375302,0.001281806258932091
2014-05-14,0.08143580770493646,0.11352545184708202,0.012351217746317813,0.016060420463375302,-0.0036470769747800336
2014-05-15,0.08242257272445842,0.11352545184708202,0.012511179383522954,0.016060420463375302,-0.008600336774017236
2014-05-16,0.10127245020209732,0.11352545184708202,0.015566878767658159,0.016060420463375302,0.0036242680955488743
2014-05-19,0.09468464913247235,0.11352545184708202,0.014498949297286887,0.016060420463375302,-0.000771910236377453
2014-05-20,0.087927340600557,0.11352545184708202,0.013403541460080527,0.016060420463375302,-0.0033238306144451196
2014-05-21,0.0866052695631129,0.11352545184708202,0.013189224329388655,0.016060420463375302,0.006934848975258201
2014-05-22,0.09094495473037746,0.11352545184708202,0.013892718201361133,0.016060420463375302,0.0014481896606738688
2014-05-23,0.08419870019900397,0.11352545184708202,0.01279910229636696,0.016060420463375302,0.002897492852807916
2014-05-27,0.07980804522688378,0.11352545184708202,0.012087345856030758,0.016060420463375302,0.004687700250906746
2014-05-28,0.07954044695279691,0.11352545184708202,0.012043966270020561,0.016060420463375302,-0.0025771713450448777
2014-05-29,0.07842162115619346,0.11352545184708202,0.011862596640340402,0.016060420463375302,0.0037669881392468456
2014-05-30,0.07653785303985551,0.11352545184708202,0.011557224412866995,0.016060420463375302,0.0025980159867909046
2014-06-02,0.07328599732168109,0.11352545184708202,0.011030075441893059,0.016060420463375302,-0.0012280676515449562
2014-06-03,0.07112367742769,0.11352545184708202,0.010679547987472731,0.016060420463375302,-0.00034981856877031037
2014-06-04,0.06841178052121942,0.11352545184708202,0.01023993018535329,0.016060420463375302,0.0004837131109368051
2014-06-05,0.06578084222197485,0.11352545184708202,0.009813436350035992,0.016060420463375302,0.009212374013645802
2014-06-06,0.08619449085578265,0.11352545184708202,0.013122634175447657,0.016060420463375302,0.004210135923625055
2014-06-09,0.08350408165893707,0.11352545184708202,0.012686499684089548,0.016060420463375302,-0.0011183354923993971
2014-06-10,0.07915012158121144,0.11352545184708202,0.01198069174746831,0.016060420463375302,0.0020831627736069315
2014-06-11,0.07488861573581973,0.11352545184708202,0.011289871300348718,0.016060420463375302,-0.004575244347329879
2014-06-12,0.08033867862957864,0.11352545184708202,0.012173365309671223,0.016060420463375302,-0.005013295251197345
2014-06-13,0.08568278196018568,0.11352545184708202,0.013039682519184265,0.016060420463375302,0.004671219122105694
2014-06-16,0.08405684913615354,0.11352545184708202,0.012776107228844364,0.016060420463375302,0.0003074014004654062
2014-06-17,0.0785028182029512,0.11352545184708202,0.011875759259888754,0.016060420463375302,0.0020301006039928696
2014-06-18,0.07432308140830367,0.11352545184708202,0.011198194158237414,0.016060420463375302,0.011292298567132378
2014-06-19,0.10117664381070468,0.11352545184708202,0.015551347869299695,0.016060420463375302,0.002535387010477702
2014-06-20,0.09335766673466513,0.11352545184708202,0.014283836000102437,0.016060420463375302,0.0008496413260544941
2014-06-23,0.08609801018001638,0.11352545184708202,0.013106993970790112,0.016060420463375302,0.0009443897478555868
2014-06-24,0.08009382862100592,0.11352545184708202,0.012133673379509413,0.016060420463375302,-0.005734757362928146
2014-06-25,0.08800830458623322,0.11352545184708202,0.013416666298767753,0.016060420463375302,0.004706110689377742
2014-06-26,0.08595353103261488,0.11352545184708202,0.0130835728720451,0.016060420463375302,-0.001663880466473755
2014-06-27,0.0818594976154282,0.11352545184708202,0.012419900898242261,0.016060420463375302,0.00181493186261494
2014-06-30,0.07690308660519837,0.11352545184708202,0.011616431374928559,0.016060420463375302,0.00043652959941006125
2014-07-01,0.0726250514563296,0.11352545184708202,0.010922931409996983,0.016060420463375302,0.0037796531077125307
2014-07-02,0.07204664358836654,0.11352545184708202,0.010829167375296475,0.016060420463375302,-0.00046632932674127436
2014-07-03,0.06925023653292868,0.11352545184708202,0.010375849876165274,0.016060420463375302,0.0035774267442353624
2014-07-07,0.06905465938118806,0.11352545184708202,0.010344145427007252,0.016060420463375302,-0.0019279981655454907
2014-07-08,0.0690023983781109,0.11352545184708202,0.010335673546216164,0.016060420463375302,-0.0064838175782349385
2014-07-09,0.08355932076057049,0.11352545184708202,0.01269545433586602,0.016060420463375302,0.005315606242004903
2014-07-10,0.08395374609344615,0.11352545184708202,0.012759393491342506,0.016060420463375302,-0.0019714460725561364
2014-07-11,0.08074604935359646,0.11352545184708202,0.01223940300524631,0.016060420463375302,0.003364109607367771
2014-07-14,0.07769041663970205,0.11352545184708202,0.01174406318072666,0.016060420463375302,0.00518238248781247
2014-07-15,0.07916078430903685,0.11352545184708202,0.011982420251586596,0.016060420463375302,0.000925855511162383
2014-07-16,0.07440697405069177,0.11352545184708202,0.011211793753034936,0.016060420463375302,0.007030778430371178
2014-07-17,0.08260055410557958,0.11352545184708202,0.012540031432950046,0.016060420463375302,-0.008077692402921416
2014-07-18,0.09906775538782787,0.11352545184708202,0.015209482036875107,0.016060420463375302,0.00630311954516637
2014-07-21,0.09844709802550008,0.11352545184708202,0.015108869058245732,0.016060420463375302,-0.0011720451304605452
2014-07-22,0.0914247699585837,0.11352545184708202,0.013970499667000248,0.016060420463375302,0.003896886714901765
2014-07-23,0.08710797134963294,0.11352545184708202,0.01327071586912387,0.016060420463375302,0.0005509442527271979
2014-07-24,0.08095035607988421,0.11352545184708202,0.012272522580608684,0.016060420463375302,-0.00229163174184608
2014-07-25,0.07894739207680736,0.11352545184708202,0.011947827851005934,0.016060420463375302,-0.005229240304423927
2014-07-28,0.08541873457479188,0.11352545184708202,0.012996878557519924,0.016060420463375302,0.0010477749758860434
2014-07-29,0.0795437306906018,0.11352545184708202,0.01204449858730485,0.016060420463375302,-0.004345066372489086
2014-07-30,0.08298812168639981,0.11352545184708202,0.012602858897978825,0.016060420463375302,-0.00131013168682826
2014-07-31,0.07897585591263293,0.11352545184708202,0.011952442041506932,0.016060420463375302,-0.020287401623890096
2014-08-01,0.1646388549348435,0.11352545184708202,0.025839024257537924,0.016060420463375302,-0.000934266041247897
2014-08-04,0.14716834843270996,0.11352545184708202,0.023006930732132877,0.016060420463375302,0.0040777085475940875
2014-08-05,0.1335437594684619,0.11352545184708202,0.020798287829464898,0.016060420463375302,-0.00963675165095794
2014-08-06,0.14040863473692836,0.11352545184708202,0.021911133000734707,0.016060420463375302,0.0013178378237727814
2014-08-07,0.1259027409343401,0.11352545184708202,0.019559624307297206,0.016060420463375302,-0.0027947825286777327
2014-08-08,0.11628769782389933,0.11352545184708202,0.018000957342704956,0.016060420463375302,0.012719013916290729
2014-08-11,0.13380693944049743,0.11352545184708202,0.02084095117724632,0.016060420463375302,0.0014984189314389412
2014-08-12,0.1203082939387199,0.11352545184708202,0.01865272460678865,0.016060420463375302,0.00012220994144375788
2014-08-13,0.108862016731667,0.11352545184708202,0.016797201553457194,0.016060420463375302,0.00672752529755781
2014-08-14,0.10716682148927162,0.11352545184708202,0.016522398331827694,0.016060420463375302,0.003933983078120401
2014-08-15,0.09997153066691815,0.11352545184708202,0.015355990446120144,0.016060420463375302,0.0004091175020221813
2014-08-18,0.09166268867016081,0.11352545184708202,0.014009067984555777,0.016060420463375302,0.006766757087236893
2014-08-19,0.09415060247473082,0.11352545184708202,0.014412376530694843,0.016060420463375302,0.00490922977563104
2014-08-20,0.09123078481502898,0.11352545184708202,0.013939053293707123,0.016060420463375302,0.0019786253534820504
2014-08-21,0.08469699957434543,0.11352545184708202,0.012879880173897048,0.016060420463375302,0.0033900341143356626
2014-08-22,0.08088884497643219,0.11352545184708202,0.012262551192669488,0.016060420463375302,-0.003088614187327244
2014-08-25,0.08060875993526159,0.11352545184708202,0.012217147412786794,0.016060420463375302,0.0036324661391097662
2014-08-26,0.07802252388015536,0.11352545184708202,0.01179790012960465,0.016060420463375302,0.0021184197233824476
2014-08-27,0.07400516259083972,0.11352545184708202,0.011146657253773076,0.016060420463375302,0.0011571994045824936
2014-08-28,0.0702537357916865,0.11352545184708202,0.01053852425272841,0.016060420463375302,-0.0004091499700286487
2014-08-29,0.06777153046345488,0.11352545184708202,0.01013614109125841,0.016060420463375302,0.004019958831388771
2014-09-02,0.06884336126451393,0.11352545184708202,0.01030989249747198,0.016060420463375302,-0.003907577695352275
2014-09-03,0.07389135160527638,0.11352545184708202,0.011128207682474467,0.016060420463375302,-0.000427746631001473
2014-09-04,0.07068978430027809,0.11352545184708202,0.010609210821420275,0.016060420463375302,0.0003781036768890425
2014-09-05,0.06763288070918216,0.11352545184708202,0.010113664978655332,0.016060420463375302,0.0053441362581086276
2014-09-08,0.0722181547556486,0.11352545184708202,0.010856970556980698,0.016060420463375302,-0.002854934570598395
2014-09-09,0.07344525249833822,0.11352545184708202,0.011055891840212297,0.016060420463375302,-0.0078987740235061
2014-09-10,0.0925573332319335,0.11352545184708202,0.014154096239496518,0.016060420463375302,0.002014111780323624
2014-09-11,0.08581567962692821,0.11352545184708202,0.013061226177433495,0.016060420463375302,0.0009737577336965293
2014-09-12,0.079863252096055,0.11352545184708202,0.012096295282695554,0.016060420463375302,-0.007553380361315205
2014-09-15,0.09505001906777796,0.11352545184708202,0.014558178365890611,0.016060420463375302,0.00037696678520433846
2014-09-16,0.08756717502958407,0.11352545184708202,0.01334515605599956,0.016060420463375302,0.007861147669337175
2014-09-17,0.09479239714787123,0.11352545184708202,0.014516416017942589,0.016060420463375302,0.0007478217148372893
2014-09-18,0.0872938783452454,0.11352545184708202,0.013300852717104622,0.016060420463375302,0.0035014060722050357
2014-09-19,0.08314558679480238,0.11352545184708202,0.012628385113485494,0.016060420463375302,0.002220666342482764
2014-09-22,0.07824631746045506,0.11352545184708202,0.011834178662783789,0.016060420463375302,-0.005797852002450907
2014-09-23,0.08695776192684282,0.11352545184708202,0.013246365851928501,0.016060420463375302,-0.004091838569172529
2014-09-24,0.08780024255244223,0.11352545184708202,0.013382937961314564,0.016060420463375302,0.0064830745295886075
2014-09-25,0.09041487434074363,0.11352545184708202,0.013806788395076304,0.016060420463375302,-0.014143002803703206
2014-09-26,0.13364903376340043,0.11352545184708202,0.020815353542416645,0.016060420463375302,0.0064284991348407365
2014-09-29,0.12619538375604392,0.11352545184708202,0.019607063792838306,0.016060420463375302,-0.001288981728963981
2014-09-30,0.11471030572899586,0.11352545184708202,0.017745250850254052,0.016060420463375302,-0.0033875089243301515
2014-10-01,0.10809737534201423,0.11352545184708202,0.016673247738573357,0.016060420463375302,-0.010480335871887812
2014-10-02,0.12606493948248365,0.11352545184708202,0.019585917847096488,0.016060420463375302,-0.00026325994702967523
2014-10-03,0.1138947549706517,0.11352545184708202,0.01761304426413913,0.016060420463375302,0.008993447679560142
2014-10-06,0.1178096484833566,0.11352545184708202,0.01824767638362735,0.016060420463375302,0.00041970948049773263
2014-10-07,0.10666949442896596,0.11352545184708202,0.016441778073489545,0.016060420463375302,-0.01319983700125612
2014-10-08,0.13781514386397006,0.11352545184708202,0.0214907096599114,0.016060420463375302,0.017732086921459563
2014-10-09,0.17047369441835566,0.11352545184708202,0.026784893292360383,0.016060420463375302,-0.019037823302385914
2014-10-10,0.20522602844187068,0.11352545184708202,0.032418494136657074,0.016060420463375302,-0.008572167005943047
2014-10-13,0.1931269870352081,0.11352545184708202,0.030457153357714456,0.016060420463375302,-0.012011038983145029
2014-10-14,0.1931532585906798,0.11352545184708202,0.03046141216395712,0.016060420463375302,0.002727729564609989
2014-10-15,0.1717341069453655,0.11352545184708202,0.026989215139391436,0.016060420463375302,-0.008507920834027145
2014-10-16,0.1660288446473873,0.11352545184708202,0.026064351489166505,0.016060420463375302,-9.876912987367634e-05
2014-10-17,0.14798768532854226,0.11352545184708202,0.023139751078098732,0.016060420463375302,0.010595965561356974
2014-10-20,0.1486808214833368,0.11352545184708202,0.02325211338516625,0.016060420463375302,0.008655943959189588
2014-10-21,0.1435896463295437,0.11352545184708202,0.022426797634418006,0.016060420463375302,0.01350039601177928
2014-10-22,0.15577848442385855,0.11352545184708202,0.024402695095942877,0.016060420463375302,-0.006615929678402133
2014-10-23,0.14840165554778986,0.11352545184708202,0.02320685859885083,0.016060420463375302,0.008893264424292027
2014-10-24,0.14400072362419178,0.11352545184708202,0.022493436191489698,0.016060420463375302,0.004821487916090189
2014-10-27,0.1318558545210265,0.11352545184708202,0.02052466641656842,0.016060420463375302,-0.0008202162661198088
2014-10-28,0.11912777897098852,0.11352545184708202,0.01846135472313087,0.016060420463375302,0.011212493878742149
2014-10-29,0.12960731172420334,0.11352545184708202,0.020160161615536958,0.016060420463375302,-0.0007119580049972339
2014-10-30,0.11714957404305673,0.11352545184708202,0.018140673615938255,0.016060420463375302,0.004930546606593887
2014-10-31,0.10979632734512546,0.11352545184708202,0.016948659957869785,0.016060420463375302,0.006899752468607072
2014-11-03,0.10835378447984866,0.11352545184708202,0.016714813485910272,0.016060420463375302,0.0007372077773471243
2014-11-04,0.09864755390411882,0.11352545184708202,0.015141364383775998,0.016060420463375302,-0.001829191572083371
2014-11-05,0.09240168281272196,0.11352545184708202,0.014128864198031563,0.016060420463375302,0.0021963996351271296
2014-11-06,0.08581599674555856,0.11352545184708202,0.013061277584621932,0.016060420463375302,0.003268664049304617
2014-11-07,0.08160960082092479,0.11352545184708202,0.012379390848138896,0.016060420463375302,0.002241374039911516
2014-11-10,0.07701518419646738,0.11352545184708202,0.011634603192809609,0.016060420463375302,0.0024414518212612334
2014-11-11,0.07349649867628305,0.11352545184708202,0.011064199210622053,0.016060420463375302,0.0020834216753895796
2014-11-12,0.07033524570875473,0.11352545184708202,0.01055173759078229,0.016060420463375302,-0.003163066583830941
2014-11-13,0.07282486966679466,0.11352545184708202,0.010955323364978198,0.016060420463375302,0.0006357983373554317
2014-11-14,0.06928531150797948,0.11352545184708202,0.010381535779417878,0.016060420463375302,0.0027717668623953792
2014-11-17,0.06775884146467376,0.11352545184708202,0.010134084114187512,0.016060420463375302,0.0009259255144217667
2014-11-18,0.06521334369323498,0.11352545184708202,0.009721440796917667,0.016060420463375302,0.004995467244855414
2014-11-19,0.06945207139961077,0.11352545184708202,0.010408568745481486,0.016060420463375302,-0.0012562148124855947
2014-11-20,0.06815375949572117,0.11352545184708202,0.010198103139546534,0.016060420463375302,0.0043901636774707695
2014-11-21,0.06999475361674243,0.11352545184708202,0.010496541397751373,0.016060420463375302,0.004639094181410609
2014-11-24,0.07198832050366101,0.11352545184708202,0.010819712787900511,0.016060420463375302,-0.0014622980894087485
2014-11-25,0.07045439922770529,0.11352545184708202,0.010571053224791406,0.016060420463375302,-0.00043199138514070715
2014-11-26,0.06795160792631952,0.11352545184708202,0.010165332930463988,0.016060420463375302,0.002942859101350427
2014-11-28,0.06696418304788332,0.11352545184708202,0.01000526432542947,0.016060420463375302,-0.0055253292838205285
2014-12-01,0.07832481575055235,0.11352545184708202,0.011846903794657485,0.016060420463375302,-0.0016061029428299685
2014-12-02,0.0756755914888489,0.11352545184708202,0.01141744567459668,0.016060420463375302,0.003843238775732616
2014-12-03,0.07453571798441315,0.11352545184708202,0.011232664061579394,0.016060420463375302,0.0009981026566132888
2014-12-04,0.07065746113874932,0.11352545184708202,0.010603971006737453,0.016060420463375302,-0.0025726033878534053
2014-12-05,0.07159670048421178,0.11352545184708202,0.010756228393709322,0.016060420463375302,-0.0014612696815635012
2014-12-08,0.07014631195217826,0.11352545184708202,0.010521110083293293,0.016060420463375302,-0.007900194757355788
2014-12-09,0.09058191429738068,0.11352545184708202,0.013833866761671913,0.016060420463375302,-0.0010354952280728358
2014-12-10,0.08481428536189836,0.11352545184708202,0.012898893035345005,0.016060420463375302,-0.016416861310405262
2014-12-11,0.14371877944106343,0.11352545184708202,0.022447731031455215,0.016060420463375302,0.0040029434401102175
2014-12-12,0.13054496542319471,0.11352545184708202,0.020312161957923208,0.016060420463375302,-0.016693325823873683
2014-12-15,0.16931251415400697,0.11352545184708202,0.026596657701818776,0.016060420463375302,-0.008393434202374327
2014-12-16,0.16379811132587296,0.11352545184708202,0.02570273373091808,0.016060420463375302,-0.008093194179794906
2014-12-17,0.1586139480064965,0.11352545184708202,0.02486234393628589,0.016060420463375302,0.022273873754032177
2014-12-18,0.2054101706251626,0.11352545184708202,0.032448344895992035,0.016060420463375302,0.022352189714604592
2014-12-19,0.2353912420788112,0.11352545184708202,0.03730849009774763,0.016060420463375302,0.0032122743616679224
2014-12-22,0.2084751272975359,0.11352545184708202,0.032945196200584455,0.016060420463375302,0.006816031079425588
2014-12-23,0.18909690428151055,0.11352545184708202,0.029803848241906877,0.016060420463375302,0.0036877523371958605
2014-12-24,0.1688882692274081,0.11352545184708202,0.02652788457783065,0.016060420463375302,0.0004962199955199434
2014-12-26,0.15032205888919337,0.11352545184708202,0.02351816965721602,0.016060420463375302,0.00392390248143425
2014-12-29,0.13603677146934867,0.11352545184708202,0.021202422829535234,0.016060420463375302,0.0001501911879911895
2014-12-30,0.12222320672064117,0.11352545184708202,0.018963145606359116,0.016060420463375302,-0.004782640596010884
2014-12-31,0.11710900152677589,0.11352545184708202,0.018134096522099886,0.016060420463375302,-0.011513398096477369
2015-01-02,0.1364932047266317,0.11352545184708202,0.021276413911166032,0.016060420463375302,0.0018633657366720624
2015-01-05,0.12271826044392554,0.11352545184708202,0.019043397340575873,0.016060420463375302,-0.017539524214823146
2015-01-06,0.16916644647776827,0.11352545184708202,0.02657297909123607,0.016060420463375302,-0.005218159539575388
2015-01-07,0.15634038290921448,0.11352545184708202,0.024493782842146292,0.016060420463375302,0.009194160934535116
2015-01-08,0.15109034212639305,0.11352545184708202,0.02364271384152371,0.016060420463375302,0.0167141413664223
2015-01-09,0.17432495580818042,0.11352545184708202,0.027409210191554637,0.016060420463375302,-0.006522854118447531
2015-01-12,0.1632407847448791,0.11352545184708202,0.02561238712297194,0.016060420463375302,-0.007003319498844418
2015-01-13,0.15535130969250968,0.11352545184708202,0.024333447029739295,0.016060420463375302,-0.003088906294733587
2015-01-14,0.14134076829660677,0.11352545184708202,0.022062238489225016,0.016060420463375302,-0.00528658758225398
2015-01-15,0.13364923458766384,0.11352545184708202,0.020815386097459972,0.016060420463375302,-0.005028413037457078
2015-01-16,0.12685223693838327,0.11352545184708202,0.019713544371670853,0.016060420463375302,0.011932598302427818
2015-01-20,0.13784155062075829,0.11352545184708202,0.021494990383250343,0.016060420463375302,0.003138027802332525
2015-01-21,0.12468586548431107,0.11352545184708202,0.019362360130506986,0.016060420463375302,0.008221021614135637
2015-01-22,0.12358300780267273,0.11352545184708202,0.01918357904598435,0.016060420463375302,0.0168725535032884
2015-01-23,0.1576191133735402,0.11352545184708202,0.024701074157272893,0.016060420463375302,-0.007229713747748279
2015-01-26,0.15141398651463353,0.11352545184708202,0.023695178901787285,0.016060420463375302,0.002381138396168929
2015-01-27,0.1357024073748917,0.11352545184708202,0.02114822002855039,0.016060420463375302,-0.016504736839193644
2015-01-28,0.17146679829023062,0.11352545184708202,0.026945882502675968,0.016060420463375302,-0.012089153462477603
2015-01-29,0.1770713958882971,0.11352545184708202,0.027854427688131598,0.016060420463375302,0.013756540486690855
2015-01-30,0.18113560107782548,0.11352545184708202,0.02851326429380043,0.016060420463375302,-0.009879657480939361
2015-02-02,0.17731134117736363,0.11352545184708202,0.027893324528331036,0.016060420463375302,0.01355133170520081
2015-02-03,0.18061369988969825,0.11352545184708202,0.028428660394330438,0.016060420463375302,0.012800177613324297
2015-02-04,0.18064373702154896,0.11352545184708202,0.028433529627321805,0.016060420463375302,-0.004043066004013069
2015-02-05,0.1640008303093392,0.11352545184708202,0.025735595921861507,0.016060420463375302,0.0104885895222903
2015-02-06,0.16072827567436854,0.11352545184708202,0.025205091509061403,0.016060420463375302,-0.006533896527843513
2015-02-09,0.1521993356518651,0.11352545184708202,0.02382248959003003,0.016060420463375302,-0.0034353443927035154
2015-02-10,0.13918369756612767,0.11352545184708202,0.02171256196159346,0.016060420463375302,0.011246751841014535
2015-02-11,0.14422959480340955,0.11352545184708202,0.022530537839615086,0.016060420463375302,-0.001606272162212187
2015-02-12,0.13025322527879823,0.11352545184708202,0.020264868802802316,0.016060420463375302,0.008302293404845288
2015-02-13,0.1281349428367381,0.11352545184708202,0.019921480132965807,0.016060420463375302,0.0022496013521576437
2015-02-17,0.1158014040161885,0.11352545184708202,0.017922125653189014,0.016060420463375302,-0.002159407452822462
2015-02-18,0.1069936680339496,0.11352545184708202,0.016494328923556154,0.016060420463375302,-0.00040168428744786003
2015-02-19,0.09788776830747344,0.11352545184708202,0.015018197727520635,0.016060420463375302,-0.004405013022421463
2015-02-20,0.09701206033831329,0.11352545184708202,0.014876239229104967,0.016060420463375302,0.007410409881921865
2015-02-23,0.10012903338514156,0.11352545184708202,0.015381522758446623,0.016060420463375302,-0.0009361494025860347
2015-02-24,0.09257968268548934,0.11352545184708202,0.0141577192450862,0.016060420463375302,0.0035756856062436546
2015-02-25,0.08752733106657934,0.11352545184708202,0.013338697065835856,0.016060420463375302,0.0011486668894624512
2015-02-26,0.08129612502919453,0.11352545184708202,0.012328574189788317,0.016060420463375302,-0.0019773620643352696
2015-02-27,0.0786448929841703,0.11352545184708202,0.01189879059375219,0.016060420463375302,-0.0029352587285845985
2015-03-02,0.07852525896357404,0.11352545184708202,0.011879397067004268,0.016060420463375302,0.0035813553132482343
2015-03-03,0.07628785506819426,0.11352545184708202,0.01151669796122578,0.016060420463375302,-0.00343101122819596
2015-03-04,0.07797210918776261,0.11352545184708202,0.011789727548924557,0.016060420463375302,-0.005173353402451904
2015-03-05,0.08453640031138211,0.11352545184708202,0.012853845889615268,0.016060420463375302,0.0010048030168440907
2015-03-06,0.07881349398465878,0.11352545184708202,0.011926122016673554,0.016060420463375302,-0.018417795858951484
2015-03-09,0.15308687689703676,0.11352545184708202,0.02396636634676136,0.016060420463375302,0.0008561588556089926
2015-03-10,0.13671940197569893,0.11352545184708202,0.021313082096170832,0.016060420463375302,-0.015707994228691364
2015-03-11,0.16824792984329157,0.11352545184708202,0.026424081003297947,0.016060420463375302,-0.0011995484255688943
2015-03-12,0.1504269700742291,0.11352545184708202,0.02353517650746652,0.016060420463375302,0.00967277568312315
2015-03-13,0.14776781542598613,0.11352545184708202,0.023104108601025467,0.016060420463375302,-0.004882447603169835
2015-03-16,0.1380366004912981,0.11352545184708202,0.021526609356370525,0.016060420463375302,0.011853154129674345
2015-03-17,0.1455528673047651,0.11352545184708202,0.022745049736163588,0.016060420463375302,-0.0041794755459586275
2015-03-18,0.13487272939144235,0.11352545184708202,0.02101372331863468,0.016060420463375302,0.014422515565508356
2015-03-19,0.15354326239926913,0.11352545184708202,0.024040349686958343,0.016060420463375302,-0.007677561484780812
2015-03-20,0.14937811449798563,0.11352545184708202,0.02336514954882046,0.016060420463375302,0.009758967618547994
2015-03-23,0.14720133651561537,0.11352545184708202,0.02301227833530629,0.016060420463375302,-0.0022027371857835723
2015-03-24,0.13337291658862144,0.11352545184708202,0.020770592981934368,0.016060420463375302,-0.0059139394437006144
2015-03-25,0.128747775828325,0.11352545184708202,0.020020824725374503,0.016060420463375302,-0.014175224999450172
2015-03-26,0.15603295065356815,0.11352545184708202,0.024443945884035756,0.016060420463375302,-0.0037905612174877444
2015-03-27,0.14293628343653045,0.11352545184708202,0.022320882856342348,0.016060420463375302,0.0041769713700722
2015-03-30,0.1300946058742112,0.11352545184708202,0.020239155467663483,0.016060420463375302,0.011330127566873498
2015-03-31,0.13787992018720371,0.11352545184708202,0.021501210363231434,0.016060420463375302,-0.010876434620226857
2015-04-01,0.14814599389165395,0.11352545184708202,0.023165414023620663,0.016060420463375302,0.0007669930907277626
2015-04-02,0.13248417395669285,0.11352545184708202,0.020626521471853707,0.016060420463375302,0.0019395024729398358
2015-04-06,0.11933657631755569,0.11352545184708202,0.018495202260021826,0.016060420463375302,0.009239351398331732
2015-04-07,0.12267079967913554,0.11352545184708202,0.019035703612597456,0.016060420463375302,-0.0019262294039527096
2015-04-08,0.11241754631987866,0.11352545184708202,0.01737357822146797,0.016060420463375302,-0.0003387566309304632
2015-04-09,0.1024035652065971,0.11352545184708202,0.01575024056545956,0.016060420463375302,0.0038187590555254156
2015-04-10,0.09589417407773436,0.11352545184708202,0.014695021904905566,0.016060420463375302,0.004989409240961279
2015-04-13,0.09278323988869026,0.11352545184708202,0.014190717317418246,0.016060420463375302,-0.004129056123429387
2015-04-14,0.0923529214635957,0.11352545184708202,0.014120959636069741,0.016060420463375302,0.0035074615151355557
2015-04-15,0.08724191757221152,0.11352545184708202,0.013292429505741728,0.016060420463375302,0.005202077826853609
2015-04-16,0.086497555483018,0.11352545184708202,0.013171763109887408,0.016060420463375302,-7.921646986081693e-05
2015-04-17,0.08067942883617006,0.11352545184708202,0.012228603344913656,0.016060420463375302,-0.010350204774841866
2015-04-20,0.10855691288357844,0.11352545184708202,0.01674774204679422,0.016060420463375302,0.010202721502078169
2015-04-21,0.11828659846089606,0.11352545184708202,0.018324993371727646,0.016060420463375302,-0.0035849230796319714
2015-04-22,0.11138349353221016,0.11352545184708202,0.017205950900272368,0.016060420463375302,0.003946266863305254
2015-04-23,0.10346075596912195,0.11352545184708202,0.01592161871716335,0.016060420463375302,0.0018239388041290348
2015-04-24,0.09477547111189058,0.11352545184708202,0.014513672186966326,0.016060420463375302,0.009178131975857644
2015-04-27,0.10473312222340665,0.11352545184708202,0.01612787834851768,0.016060420463375302,-0.0032867265819389105
2015-04-28,0.09983276126092426,0.11352545184708202,0.015333494937120929,0.016060420463375302,0.004926051439569708
2015-04-29,0.09578244662963852,0.11352545184708202,0.014676910089868971,0.016060420463375302,-0.004239418421368445
2015-04-30,0.09495325526756906,0.11352545184708202,0.01454249226474456,0.016060420463375302,-0.009366600959686364
2015-05-01,0.11263894997161829,0.11352545184708202,0.01740946933020693,0.016060420463375302,0.008330351712880855
2015-05-04,0.11471905012859142,0.11352545184708202,0.017746668379704338,0.016060420463375302,0.001650085026172362
2015-05-05,0.1041617986972659,0.11352545184708202,0.01603526273607982,0.016060420463375302,-0.011484573522820125
2015-05-06,0.12806550831040128,0.11352545184708202,0.019910224301747975,0.016060420463375302,-0.004080239598089456
2015-05-07,0.12031803726120462,0.11352545184708202,0.018654304068753392,0.016060420463375302,0.004135257966332649
2015-05-08,0.11112464095833437,0.11352545184708202,0.017163989054551493,0.016060420463375302,0.01011346372982691
2015-05-11,0.11976499093946312,0.11352545184708202,0.018564651321315195,0.016060420463375302,-0.006174878778181965
2015-05-12,0.11878698289403704,0.11352545184708202,0.01840610925197639,0.016060420463375302,-0.002082014830874522
2015-05-13,0.10937137839706901,0.11352545184708202,0.016879772706989486,0.016060420463375302,-0.0006760763090803527
2015-05-14,0.10006527188331273,0.11352545184708202,0.015371186564903664,0.016060420463375302,0.010285476194255582
2015-05-15,0.11273593467196907,0.11352545184708202,0.01742519124083919,0.016060420463375302,0.0024880066467793394
2015-05-18,0.10296971928429577,0.11352545184708202,0.015842018173489198,0.016060420463375302,0.000998917301366
2015-05-19,0.09412734531425355,0.11352545184708202,0.014408606379348692,0.016060420463375302,-0.001424241771221798
2015-05-20,0.08816700468765826,0.11352545184708202,0.013442392715438732,0.016060420463375302,0.0004036568118798954
2015-05-21,0.0818565969680115,0.11352545184708202,0.012419430682638191,0.016060420463375302,0.0010042149783064253
2015-05-22,0.07661515217134654,0.11352545184708202,0.011569755152590452,0.016060420463375302,-0.0037839309113866203
2015-05-26,0.07918364817513601,0.11352545184708202,0.011986126647113094,0.016060420463375302,-0.008893774172467818
2015-05-27,0.10063408178423333,0.11352545184708202,0.015463394700791815,0.016060420463375302,0.00899337684397995
2015-05-28,0.10816283319420869,0.11352545184708202,0.016683858922591648,0.016060420463375302,-0.0011621090592252893
2015-05-29,0.09947220828923796,0.11352545184708202,0.015275046732625332,0.016060420463375302,-0.00521449933656748
2015-06-01,0.10046781696341306,0.11352545184708202,0.015436441989232465,0.016060420463375302,0.0023036993675680725
2015-06-02,0.0925796203884635,0.11352545184708202,0.014157709146294646,0.016060420463375302,-0.002539740508901149
2015-06-03,0.0886416546247681,0.11352545184708202,0.013519336850604965,0.016060420463375302,-0.001298034020159905
2015-06-04,0.08353551298482989,0.11352545184708202,0.012691594925864311,0.016060420463375302,-0.004954644981444906
2015-06-05,0.0878060087143548,0.11352545184708202,0.013383872697226028,0.016060420463375302,-0.005871261383223251
2015-06-08,0.09394388200211168,0.11352545184708202,0.014378865669861938,0.016060420463375302,-0.00423890070235362
2015-06-09,0.09353381973542203,0.11352545184708202,0.014312391656051129,0.016060420463375302,-0.0021872680307353336
2015-06-10,0.0887915642140146,0.11352545184708202,0.013543638262647557,0.016060420463375302,0.008229924661930461
2015-06-11,0.09699242861106763,0.11352545184708202,0.01487305678630526,0.016060420463375302,0.002565174868835781
2015-06-12,0.0899176202704478,0.11352545184708202,0.013726179968938568,0.016060420463375302,-0.007291531049026842
2015-06-15,0.10066368030833045,0.11352545184708202,0.015468192832342652,0.016060420463375302,-0.004291644475323132
2015-06-16,0.09887725576383238,0.11352545184708202,0.015178600691125695,0.016060420463375302,0.006487091064897373
2015-06-17,0.09880048323520552,0.11352545184708202,0.015166155317476875,0.016060420463375302,0.003653540503955204
2015-06-18,0.09270436997043724,0.11352545184708202,0.014177931941973846,0.016060420463375302,0.01153847761712989
2015-06-19,0.1133166675361492,0.11352545184708202,0.017519332173984638,0.016060420463375302,-0.006948951172462425
2015-06-22,0.11624634910879668,0.11352545184708202,0.01799425442150964,0.016060420463375302,0.002252979067072957
2015-06-23,0.10575520815451768,0.11352545184708202,0.01629356575703979,0.016060420463375302,0.0005184390595945679
2015-06-24,0.0964868303084999,0.11352545184708202,0.014791095700690312,0.016060420463375302,-0.008346253422330231
2015-06-25,0.10933998621482367,0.11352545184708202,0.016874683810678755,0.016060420463375302,-0.0032204753790661157
2015-06-26,0.10342143910952893,0.11352545184708202,0.015915245174216608,0.016060420463375302,-0.0008333368579363093
2015-06-29,0.09522228851618932,0.11352545184708202,0.014586104470346216,0.016060420463375302,-0.017229980516968446
2015-06-30,0.153231557587094,0.11352545184708202,0.023989820117006212,0.016060420463375302,0.0005581958341440846
2015-07-01,0.1368585788797184,0.11352545184708202,0.02133564366350211,0.016060420463375302,0.005071272723952622
2015-07-02,0.12628455209258627,0.11352545184708202,0.019621518615230656,0.016060420463375302,0.002736853234424918
2015-07-06,0.11457142087058002,0.11352545184708202,0.01772273662559501,0.016060420463375302,-0.0035985406033598663
2015-07-07,0.10839386077529313,0.11352545184708202,0.01672131013881708,0.016060420463375302,0.005577314899993465
2015-07-08,0.10400634560118557,0.11352545184708202,0.01601006268209973,0.016060420463375302,-0.01323709267110253
2015-07-09,0.13643223181830483,0.11352545184708202,0.021266529768489542,0.016060420463375302,-0.001103715923244982
2015-07-10,0.12321480299102514,0.11352545184708202,0.019123890423736176,0.016060420463375302,0.011508555173666977
2015-07-13,0.1336329600340466,0.11352545184708202,0.02081274787641454,0.016060420463375302,0.009477033393463376
2015-07-14,0.13421924021242906,0.11352545184708202,0.02090778806869904,0.016060420463375302,0.004722703623699878
2015-07-15,0.12354437166831975,0.11352545184708202,0.019177315853447008,0.016060420463375302,-8.242353121391821e-06
2015-07-16,0.11164952394629704,0.11352545184708202,0.017249076325010586,0.016060420463375302,0.00626009871100364
2015-07-17,0.10817003444069151,0.11352545184708202,0.016685026295932333,0.016060420463375302,0.0004406741598187991
2015-07-20,0.09853090133302463,0.11352545184708202,0.015122454171225645,0.016060420463375302,-0.005232813548233142
2015-07-21,0.09980839894105802,0.11352545184708202,0.015329545631567104,0.016060420463375302,-0.0028751467188609624
2015-07-22,0.0950701659978159,0.11352545184708202,0.014561444326732115,0.016060420463375302,-0.004654097540294763
2015-07-23,0.09552096711522408,0.11352545184708202,0.014634522398378244,0.016060420463375302,-0.009211594303346535
2015-07-24,0.11233203713563224,0.11352545184708202,0.017359716573722532,0.016060420463375302,-0.00577382543240974
2015-07-27,0.1119101367157375,0.11352545184708202,0.017291323510968248,0.016060420463375302,-0.004837024539876462
2015-07-28,0.1090597446920384,0.11352545184708202,0.01682925466401189,0.016060420463375302,0.01338041873884695
2015-07-29,0.13204582313273078,0.11352545184708202,0.020555461681443662,0.016060420463375302,0.006939665932725107
2015-07-30,0.12604407868676393,0.11352545184708202,0.019582536163543957,0.016060420463375302,0.000732352191137077
2015-07-31,0.11361667978089686,0.11352545184708202,0.017567966295484683,0.016060420463375302,-0.0037057120339870214
2015-08-03,0.10783750490016628,0.11352545184708202,0.016631120889205146,0.016060420463375302,-0.0016497310420126865
2015-08-04,0.09973566173802821,0.11352545184708202,0.015317754412936344,0.016060420463375302,-0.0025195213592509452
2015-08-05,0.09436779025289924,0.11352545184708202,0.014447584216303313,0.016060420463375302,0.0030840364822280544
2015-08-06,0.08831389302442974,0.11352545184708202,0.013466204360938377,0.016060420463375302,-0.0025189168974090737
2015-08-07,0.08520129757155724,0.11352545184708202,0.012961630470753289,0.016060420463375302,0.0008287960818297337
2015-08-10,0.0793530789566831,0.11352545184708202,0.01201359258345359,0.016060420463375302,0.013354046467037198
2015-08-11,0.11452221087780945,0.11352545184708202,0.0177147593353033,0.016060420463375302,-0.00502672616748661
2015-08-12,0.11159415208685977,0.11352545184708202,0.01724010015224863,0.016060420463375302,0.0037364020007322023
2015-08-13,0.10334140530059079,0.11352545184708202,0.015902271123803158,0.016060420463375302,-0.003297752807315566
2015-08-14,0.09873753142866662,0.11352545184708202,0.015155950381306904,0.016060420463375302,0.0029332364609851447
2015-08-17,0.09173041704407624,0.11352545184708202,0.01402004723631523,0.016060420463375302,0.003602082893099323
2015-08-18,0.08687968583988845,0.11352545184708202,0.01323370916219112,0.016060420463375302,-0.0015937711335733615
2015-08-19,0.08250354534304447,0.11352545184708202,0.012524305621666341,0.016060420463375302,-0.00732424065553176
2015-08-20,0.09580930251149551,0.11352545184708202,0.014681263619580142,0.016060420463375302,-0.016950906884286552
2015-08-21,0.15192733862396746,0.11352545184708202,0.023778396934700075,0.016060420463375302,-0.029855831638036203
2015-08-24,0.25295563289098444,0.11352545184708202,0.04015580293843515,0.016060420463375302,-0.04118079498976
2015-08-25,0.3676128668880015,0.11352545184708202,0.058742557134951884,0.016060420463375302,-0.015674897140735274
2015-08-26,0.3427584484415147,0.11352545184708202,0.05471347889664169,0.016060420463375302,0.03827429180968764
2015-08-27,0.39804870626016214,0.11352545184708202,0.0636764234550633,0.016060420463375302,0.02479810459176899
2015-08-28,0.3871161418788653,0.11352545184708202,0.061904176909345604,0.016060420463375302,0.0011641069772578005
2015-08-31,0.33995633826800253,0.11352545184708202,0.0542592368814542,0.016060420463375302,-0.006606159313835545
2015-09-01,0.30327923127280926,0.11352545184708202,0.04831361663060515,0.016060420463375302,-0.028421069154252455
2015-09-02,0.33558982328495596,0.11352545184708202,0.05355139370526694,0.016060420463375302,0.0153863944326431
2015-09-03,0.31183790758762,0.11352545184708202,0.04970103901439538,0.016060420463375302,0.0005662070999285125
2015-09-04,0.2743206011512867,0.11352545184708202,0.04361921645040729,0.016060420463375302,-0.016965594171643197
2015-09-08,0.27154360237616304,0.11352545184708202,0.04316904517173686,0.016060420463375302,0.02382090551798991
2015-09-09,0.2876378694872101,0.11352545184708202,0.04577804049054856,0.016060420463375302,-0.014347170982015364
2015-09-10,0.2743956231876497,0.11352545184708202,0.043631378056793485,0.016060420463375302,0.004400111556727093
2015-09-11,0.24297644659375978,0.11352545184708202,0.0385381057699112,0.016060420463375302,0.006015497207548945
2015-09-14,0.217398347641903,0.11352545184708202,0.03439171376777453,0.016060420463375302,-0.00403631161308228
2015-09-15,0.19520092033191574,0.11352545184708202,0.030793352715243694,0.016060420463375302,0.01251618030866418
2015-09-16,0.19107263191898877,0.11352545184708202,0.03012412776267421,0.016060420463375302,0.011815046907887775
2015-09-17,0.18579561342565262,0.11352545184708202,0.02926868548304741,0.016060420463375302,0.0010440758023793975
2015-09-18,0.1648865586831327,0.11352545184708202,0.025879178799231534,0.016060420463375302,-0.014779824571118438
2015-09-21,0.18268343223849987,0.11352545184708202,0.028764178748285806,0.016060420463375302,0.0059797187169958015
2015-09-22,0.16606822567493107,0.11352545184708202,0.026070735434195056,0.016060420463375302,-0.01325265732677441
2015-09-23,0.1774218954441799,0.11352545184708202,0.027911246162327055,0.016060420463375302,-0.0028497384911821445
2015-09-24,0.15973956948366003,0.11352545184708202,0.025044815194182297,0.016060420463375302,9.673983147956769e-05
2015-09-25,0.1425283070381859,0.11352545184708202,0.02225474697664541,0.016060420463375302,0.0019072641176025203
2015-09-28,0.1278846742182591,0.11352545184708202,0.019880909807547947,0.016060420463375302,-0.017909579128537172
2015-09-29,0.1739935213399568,0.11352545184708202,0.027355482303846428,0.016060420463375302,0.002968160698196453
2015-09-30,0.15539887794737373,0.11352545184708202,0.024341158182624237,0.016060420463375302,0.016383106289553934
2015-10-01,0.17578044852854413,0.11352545184708202,0.027645155927249986,0.016060420463375302,-2.472081621754038e-05
2015-10-02,0.15635831928175042,0.11352545184708202,0.02449669045587358,0.016060420463375302,0.017271640837337465
2015-10-05,0.1802778412186703,0.11352545184708202,0.02837421531183937,0.016060420463375302,0.021017653530692522
2015-10-06,0.21282394279387387,0.11352545184708202,0.03365017016392408,0.016060420463375302,0.0028647408486822956
2015-10-07,0.188779306464434,0.11352545184708202,0.02975236337389144,0.016060420463375302,0.007263980046444119
2015-10-08,0.1732922741668289,0.11352545184708202,0.027241805142942048,0.016060420463375302,0.006349456640318971
2015-10-09,0.1587669545336464,0.11352545184708202,0.024887147384018385,0.016060420463375302,0.0006354062397534999
2015-10-12,0.14160417239850606,0.11352545184708202,0.02210493817005356,0.016060420463375302,0.0009122448591218149
2015-10-13,0.12688366568862325,0.11352545184708202,0.019718639195913948,0.016060420463375302,-0.002794012379229275
2015-10-14,0.11710065349913545,0.11352545184708202,0.01813274324736641,0.016060420463375302,-0.0003171398706597224
2015-10-15,0.1063374423754779,0.11352545184708202,0.01638795007081165,0.016060420463375302,0.012980808056909529
2015-10-16,0.1284933003621998,0.11352545184708202,0.019979572439992873,0.016060420463375302,0.00401880590943109
2015-10-19,0.11777528016076838,0.11352545184708202,0.018242105033771567,0.016060420463375302,-0.000832975984794003
2015-10-20,0.10723863077136775,0.11352545184708202,0.01653403912786664,0.016060420463375302,-0.00016073617161951187
2015-10-21,0.09795856766667713,0.11352545184708202,0.01502967480786625,0.016060420463375302,-0.007139340187494722
2015-10-22,0.1056982833502007,0.11352545184708202,0.01628433784085308,0.016060420463375302,0.02100529523547587
2015-10-23,0.1700797986564391,0.11352545184708202,0.02672103998410786,0.016060420463375302,0.0122407469624357
2015-10-26,0.17079352233280112,0.11352545184708202,0.026836739675041625,0.016060420463375302,-0.0042335318399588755
2015-10-27,0.15599843631218346,0.11352545184708202,0.024438350863493146,0.016060420463375302,-0.0026523013459487377
2015-10-28,0.14133148490722913,0.11352545184708202,0.022060733585692483,0.016060420463375302,0.010276228328533237
2015-10-29,0.14259768930258815,0.11352545184708202,0.02226599433583145,0.016060420463375302,-0.001894818038911037
2015-10-30,0.12915016305916754,0.11352545184708202,0.020086054561214445,0.016060420463375302,-0.00360736099776535
2015-11-02,0.12031488519131608,0.11352545184708202,0.01865379309577606,0.016060420463375302,0.01068222501160377
2015-11-03,0.1284459014130079,0.11352545184708202,0.019971888732763145,0.016060420463375302,0.0025823992867178083
2015-11-04,0.11628186061635018,0.11352545184708202,0.018000011089789828,0.016060420463375302,-0.0034519715402838644
2015-11-05,0.10949800044562107,0.11352545184708202,0.01690029904283636,0.016060420463375302,-0.003860789082773923
2015-11-06,0.10485336965133549,0.11352545184708202,0.016147371312962778,0.016060420463375302,-0.0007906140459511442
2015-11-09,0.09637918377427328,0.11352545184708202,0.01477364543085536,0.016060420463375302,-0.009096748643133201
2015-11-10,0.11239943590418569,0.11352545184708202,0.017370642394105427,0.016060420463375302,-1.2149872881811463e-05
2015-11-11,0.10223011086437364,0.11352545184708202,0.01572212238127844,0.016060420463375302,0.00022129699068204958
2015-11-12,0.09360396298997728,0.11352545184708202,0.014323762377160588,0.016060420463375302,-0.014470011068757307
2015-11-13,0.13707952795299636,0.11352545184708202,0.021371461081835023,0.016060420463375302,-0.009430920709748072
2015-11-16,0.14227160171849976,0.11352545184708202,0.02221313321612099,0.016060420463375302,0.015558244307000854
2015-11-17,0.1633983265813428,0.11352545184708202,0.02563792577664375,0.016060420463375302,-0.0038057231541520145
2015-11-18,0.14913215993044543,0.11352545184708202,0.023325278561783572,0.016060420463375302,0.015547836242543054
2015-11-19,0.1679765668643938,0.11352545184708202,0.02638009113182644,0.016060420463375302,0.0014220742118844429
2015-11-20,0.1495698648799381,0.11352545184708202,0.02339623365134234,0.016060420463375302,0.0011952780903945331
2015-11-23,0.1337247381680714,0.11352545184708202,0.02082762576556525,0.016060420463375302,-0.0029430994289643304
2015-11-24,0.12301329758875106,0.11352545184708202,0.019091224962946882,0.016060420463375302,0.00291076011350035
2015-11-25,0.11195930840715286,0.11352545184708202,0.017299294592337505,0.016060420463375302,-0.0011459314551205552
2015-11-27,0.10262525259873465,0.11352545184708202,0.01578617767053777,0.016060420463375302,-0.00050555606217903
2015-11-30,0.09430501722775704,0.11352545184708202,0.014437408261870992,0.016060420463375302,0.00019360687114973116
2015-12-01,0.08700530855891783,0.11352545184708202,0.013254073499605345,0.016060420463375302,0.01116180114968959
2015-12-02,0.10804444399404507,0.11352545184708202,0.016664667190101217,0.016060420463375302,-0.013089851404233448
2015-12-03,0.13809582261685072,0.11352545184708202,0.02153620968469059,0.016060420463375302,-0.011429643564517412
2015-12-04,0.15044832748583256,0.11352545184708202,0.023538638695990606,0.016060420463375302,0.021295300161824487
2015-12-07,0.19565144077499858,0.11352545184708202,0.030866385287582773,0.016060420463375302,-0.007301612392901322
2015-12-08,0.18242219868672768,0.11352545184708202,0.028721830929091086,0.016060420463375302,-0.007814710304755952
2015-12-09,0.1728070996320135,0.11352545184708202,0.027163154895533684,0.016060420463375302,-0.004722895105839425
2015-12-10,0.15848560457772443,0.11352545184708202,0.024841538552446026,0.016060420463375302,0.0010749188362273697
2015-12-11,0.14136322245693944,0.11352545184708202,0.022065878468528925,0.016060420463375302,-0.013918923533652969
2015-12-14,0.16305928803451764,0.11352545184708202,0.02558296521363953,0.016060420463375302,0.0061964037196923505
2015-12-15,0.14996447334867988,0.11352545184708202,0.023460202494446983,0.016060420463375302,0.013090706460195552
2015-12-16,0.15877049041354582,0.11352545184708202,0.024887720575331902,0.016060420463375302,0.015407298301673908
2015-12-17,0.17404437406046386,0.11352545184708202,0.0273637258920034,0.016060420463375302,-0.014907462599549288
2015-12-18,0.18959224827206195,0.11352545184708202,0.029884147030514844,0.016060420463375302,-0.01806774546990956
2015-12-21,0.21347920204153026,0.11352545184708202,0.033756392354592844,0.016060420463375302,0.006868423751900544
2015-12-22,0.19340614762439765,0.11352545184708202,0.03050240727734726,0.016060420463375302,0.00950448990922333
2015-12-23,0.18170511892989039,0.11352545184708202,0.028605587193610955,0.016060420463375302,0.014144559716976486
2015-12-24,0.18594436861812194,0.11352545184708202,0.029292799759151042,0.016060420463375302,-0.0019997135426193524
2015-12-28,0.16619452069110024,0.11352545184708202,0.026091208755763606,0.016060420463375302,-0.002914572517182936
2015-12-29,0.1502795694833526,0.11352545184708202,0.023511281821928295,0.016060420463375302,0.010222562644185251
2015-12-30,0.14928094297015856,0.11352545184708202,0.02334939735212375,0.016060420463375302,-0.007231927490553687
2015-12-31,0.1448001105167728,0.11352545184708202,0.022623022499848638,0.016060420463375302,-0.009902221509276471
2016-01-04,0.1496257754877848,0.11352545184708202,0.02340529715905832,0.016060420463375302,-0.010403461076123482
2016-01-05,0.15495043085393648,0.11352545184708202,0.02426846171502868,0.016060420463375302,0.0026995045084949737
2016-01-06,0.13891491211433912,0.11352545184708202,0.02166898992562298,0.016060420463375302,-0.014274123992620732
2016-01-07,0.16302042150867524,0.11352545184708202,0.025576664673000953,0.016060420463375302,-0.023321985630669156
2016-01-08,0.22211553230035663,0.11352545184708202,0.035156402995743685,0.016060420463375302,-0.010640163204564422
2016-01-11,0.21194007690027689,0.11352545184708202,0.03350688920785812,0.016060420463375302,-9.537119291545826e-06
2016-01-12,0.18758867550151184,0.11352545184708202,0.029559353615369162,0.016060420463375302,0.005533118387375788
2016-01-13,0.1695836458184293,0.11352545184708202,0.02664061007556644,0.016060420463375302,-0.01848608298446571
2016-01-14,0.2020889144141498,0.11352545184708202,0.03190994561087274,0.016060420463375302,0.013838162631528622
2016-01-15,0.2004513390037766,0.11352545184708202,0.03164448297437081,0.016060420463375302,-0.021714184338838198
2016-01-19,0.23691545785882595,0.11352545184708202,0.03755557633084412,0.016060420463375302,0.0014973862176069636
2016-01-20,0.20919870742935295,0.11352545184708202,0.03306249369314316,0.016060420463375302,-0.014908024978996983
2016-01-21,0.21510383004739636,0.11352545184708202,0.03401975612461538,0.016060420463375302,0.005940661147823087
2016-01-22,0.19349780178683798,0.11352545184708202,0.03051726506982122,0.016060420463375302,0.019119659033341098
2016-01-25,0.21343555909010326,0.11352545184708202,0.03374931752135026,0.016060420463375302,-0.013177045446249338
2016-01-26,0.21248558594878486,0.11352545184708202,0.03359532010962623,0.016060420463375302,0.017398896057109575
2016-01-27,0.2203773305442956,0.11352545184708202,0.0348746281119653,0.016060420463375302,-0.007473850879240736
2016-01-28,0.2032173448405147,0.11352545184708202,0.03209287221943946,0.016060420463375302,0.01466076554221133
2016-01-29,0.2039523270408576,0.11352545184708202,0.03221201806850942,0.016060420463375302,0.021805305867606272
2016-02-01,0.2320121269380937,0.11352545184708202,0.036760711468063624,0.016060420463375302,0.0017724348476975856
2016-02-02,0.20499534556876844,0.11352545184708202,0.032381098800050495,0.016060420463375302,-0.020110862759310462
2016-02-03,0.23274053565369435,0.11352545184708202,0.03687879170844185,0.016060420463375302,0.009330880752603351
2016-02-04,0.21381588733728824,0.11352545184708202,0.0338109714388397,0.016060420463375302,0.002461426962463091
2016-02-05,0.18944982851371728,0.11352545184708202,0.0298610597734025,0.016060420463375302,-0.015523449221337474
2016-02-08,0.20295968425343147,0.11352545184708202,0.032051103603266747,0.016060420463375302,-0.0061984232591649965
2016-02-09,0.18627857627161873,0.11352545184708202,0.029346977199942097,0.016060420463375302,-0.002261073394035723
2016-02-10,0.1667070285457444,0.11352545184708202,0.02617428992897857,0.016060420463375302,-0.005107845858080877
2016-02-11,0.15409486990624713,0.11352545184708202,0.024129769192276437,0.016060420463375302,-0.013264008890819794
2016-02-12,0.1689869820553635,0.11352545184708202,0.026543886630254986,0.016060420463375302,0.018292072924891895
2016-02-16,0.19317966127519953,0.11352545184708202,0.03046569222715234,0.016060420463375302,0.012112091544020289
2016-02-17,0.18830685864351504,0.11352545184708202,0.029675776217442773,0.016060420463375302,0.012352962635452075
2016-02-18,0.1852027498189864,0.11352545184708202,0.029172578070152277,0.016060420463375302,0.0002192291259264026
2016-02-19,0.1644276530155758,0.11352545184708202,0.025804786922287333,0.016060420463375302,-0.002717341219357707
2016-02-22,0.14854776431903427,0.11352545184708202,0.023230543871226632,0.016060420463375302,0.015787734661540306
2016-02-23,0.16860132203315908,0.11352545184708202,0.026481368394063075,0.016060420463375302,-0.012314172556307252
2016-02-24,0.1757596457323087,0.11352545184708202,0.027641783645826923,0.016060420463375302,0.0034042583416551003
2016-02-25,0.15722787650274317,0.11352545184708202,0.02463765187420693,0.016060420463375302,0.008986487784970684
2016-02-26,0.15124857997353877,0.11352545184708202,0.023668365323483934,0.016060420463375302,-0.0038673298738197623
2016-02-29,0.1390646645150892,0.11352545184708202,0.021693265856290837,0.016060420463375302,-0.005362974147139481
2016-03-01,0.1319797517169302,0.11352545184708202,0.020544751034395146,0.016060420463375302,0.020239149324982667
2016-03-02,0.17958136348254294,0.11352545184708202,0.02826131131063974,0.016060420463375302,0.00598945423589458
2016-03-03,0.16346982835304852,0.11352545184708202,0.02564951672305839,0.016060420463375302,0.004783832935240238
2016-03-04,0.14818420683490113,0.11352545184708202,0.023171608613865875,0.016060420463375302,0.004741034700754879
2016-03-07,0.1352480604501431,0.11352545184708202,0.021074567156281858,0.016060420463375302,0.002319057746332044
2016-03-08,0.12188176723363388,0.11352545184708202,0.018907795833852353,0.016060420463375302,-0.009593925801937759
2016-03-09,0.13186639903855363,0.11352545184708202,0.020526375757955486,0.016060420463375302,0.006067447097954346
2016-03-10,0.12399282234746083,0.11352545184708202,0.019250012902310695,0.016060420463375302,0.002362906545934358
2016-03-11,0.11236401322819034,0.11352545184708202,0.01736490012605346,0.016060420463375302,0.01322446619117795
2016-03-14,0.1334504786935575,0.11352545184708202,0.02078316635152611,0.016060420463375302,-0.002011941205768763
2016-03-15,0.12155918768663931,0.11352545184708202,0.01885550339193833,0.016060420463375302,0.0009589417243484402
2016-03-16,0.10980773531983734,0.11352545184708202,0.016950509271815867,0.016060420463375302,0.0074163906887884
2016-03-17,0.1098064281800493,0.11352545184708202,0.01695029737514704,0.016060420463375302,0.009411517986182553
2016-03-18,0.11625757023870652,0.11352545184708202,0.01799607344658264,0.016060420463375302,0.005061523992939881
2016-03-21,0.10930774501957934,0.11352545184708202,0.016869457283314383,0.016060420463375302,-0.0002486407240356661
2016-03-22,0.0997405308790169,0.11352545184708202,0.015318543735367642,0.016060420463375302,-0.002809810704946323
2016-03-23,0.0948927833697767,0.11352545184708202,0.014532689339443808,0.016060420463375302,-0.005583395932041033
2016-03-24,0.09815579608680126,0.11352545184708202,0.015061646939389238,0.016060420463375302,0.001879915713180011
2016-03-28,0.09037832324009917,0.11352545184708202,0.013800863201352301,0.016060420463375302,-0.0012598337279044192
2016-03-29,0.08490318368207751,0.11352545184708202,0.012913304086161878,0.016060420463375302,0.01095571576626738
2016-03-30,0.10579862682118417,0.11352545184708202,0.016300604232125378,0.016060420463375302,0.003404324405837756
2016-03-31,0.09811583779034473,0.11352545184708202,0.015055169414958738,0.016060420463375302,-0.003092789559580686
2016-04-01,0.09413975504116673,0.11352545184708202,0.014410618084460878,0.016060420463375302,0.005518473408670694
2016-04-04,0.0926199436812678,0.11352545184708202,0.014164245839232549,0.016060420463375302,-0.0034365349554336365
2016-04-05,0.09053043574272722,0.11352545184708202,0.013825521721342745,0.016060420463375302,-0.00550742894978111
2016-04-06,0.09469839943766377,0.11352545184708202,0.014501178319685304,0.016060420463375302,0.008327701753476763
2016-04-07,0.10152953054803956,0.11352545184708202,0.015608553322609554,0.016060420463375302,-0.009803372645071487
2016-04-08,0.11881988196141774,0.11352545184708202,0.0184114424250993,0.016060420463375302,0.005198448802375612
2016-04-11,0.11165292620946764,0.11352545184708202,0.017249627856100767,0.016060420463375302,0.0008177306109209415
2016-04-12,0.10142461679315083,0.11352545184708202,0.015591546055767576,0.016060420463375302,0.009564693281231992
2016-04-13,0.11084693413590851,0.11352545184708202,0.017118970800864514,0.016060420463375302,0.00647050118764211
2016-04-14,0.10805591498766282,0.11352545184708202,0.01666652671986075,0.016060420463375302,0.0015112589004136964
2016-04-15,0.09850103594049801,0.11352545184708202,0.015117612778401804,0.016060420463375302,-0.00018607877995904104
2016-04-18,0.09066919187520121,0.11352545184708202,0.013848015078609855,0.016060420463375302,0.005752799840408423
2016-04-19,0.09052826095645165,0.11352545184708202,0.013825169172999089,0.016060420463375302,0.007567758553610693
2016-04-20,0.09589075671079865,0.11352545184708202,0.014694467925387493,0.016060420463375302,-0.0021681488125582793
2016-04-21,0.09066671509517689,0.11352545184708202,0.013847613574928787,0.016060420463375302,-0.006252521673054796
2016-04-22,0.09732103416157828,0.11352545184708202,0.014926326086305217,0.016060420463375302,0.0008404324800373696
2016-04-25,0.08939775550865554,0.11352545184708202,0.013641906188680488,0.016060420463375302,-0.0017079256859568806
2016-04-26,0.08470275498777009,0.11352545184708202,0.012880813167402074,0.016060420463375302,0.0016335401975394667
2016-04-27,0.07913055690878418,0.11352545184708202,0.011977520174732215,0.016060420463375302,0.0032140984064346276
2016-04-28,0.07617432426051762,0.11352545184708202,0.011498293808757979,0.016060420463375302,-0.007963027322225816
2016-04-29,0.09452129373301488,0.11352545184708202,0.014472468223650758,0.016060420463375302,0.0018988634849000305
2016-05-02,0.08737014792567255,0.11352545184708202,0.013313216559268369,0.016060420463375302,0.006814122046665844
2016-05-03,0.09111890203845947,0.11352545184708202,0.013920916298818727,0.016060420463375302,-0.008261597195501288
2016-05-04,0.10539764632466846,0.11352545184708202,0.01623560243793829,0.016060420463375302,-0.00505512422320567
2016-05-05,0.10455518948721909,0.11352545184708202,0.01609903418478077,0.016060420463375302,-0.0006622530486281863
2016-05-06,0.09602885516342434,0.11352545184708202,0.01471685466806733,0.016060420463375302,0.0050035685062961785
2016-05-09,0.0929204540468172,0.11352545184708202,0.014212960709662069,0.016060420463375302,-0.004648009321496338
2016-05-10,0.09386880169929503,0.11352545184708202,0.014366694618068646,0.016060420463375302,0.013487896079491257
2016-05-11,0.12330728808476503,0.11352545184708202,0.01913888291609152,0.016060420463375302,-0.006670758932194626
2016-05-12,0.12295815450654139,0.11352545184708202,0.01908228587660283,0.016060420463375302,0.000303491860996305
2016-05-13,0.11105729265351738,0.11352545184708202,0.017153071414699673,0.016060420463375302,-0.004605734930518864
2016-05-16,0.10781357644342944,0.11352545184708202,0.016627241915954483,0.016060420463375302,0.010762248276324247
2016-05-17,0.11995582951465304,0.11352545184708202,0.018595587613467166,0.016060420463375302,-0.009563167880161354
2016-05-18,0.13038729545302905,0.11352545184708202,0.02028660253286576,0.016060420463375302,-0.0025196442196399813
2016-05-19,0.11962549089441528,0.11352545184708202,0.01854203737052187,0.016060420463375302,-0.003571011319369339
2016-05-20,0.11244737678157583,0.11352545184708202,0.01737841395175559,0.016060420463375302,0.0017748203987886478
2016-05-23,0.10229686757303585,0.11352545184708202,0.015732944119180345,0.016060420463375302,-0.0018507876371857343
2016-05-24,0.09542323081507682,0.11352545184708202,0.014618678648066237,0.016060420463375302,0.009014598252677475
2016-05-25,0.10456142060270802,0.11352545184708202,0.016100044292978268,0.016060420463375302,0.007960991071552626
2016-05-26,0.10749718676577681,0.11352545184708202,0.016575952895943782,0.016060420463375302,0.0009237908147169752
2016-05-27,0.09792500418731971,0.11352545184708202,0.015024233928830111,0.016060420463375302,0.0021470465479345863
2016-05-31,0.09035265630349523,0.11352545184708202,0.013796702408134078,0.016060420463375302,-0.0004318130885299504
2016-06-01,0.08407893984964752,0.11352545184708202,0.012779688290827327,0.016060420463375302,0.0010958781596777725
2016-06-02,0.07844886208142259,0.11352545184708202,0.011867012588324396,0.016060420463375302,0.0017335630525405453
2016-06-03,0.07408009507483508,0.11352545184708202,0.011158804343082699,0.016060420463375302,0.0032786628009970897
2016-06-06,0.07228111709868253,0.11352545184708202,0.010867177201191552,0.016060420463375302,0.0052961785702292305
2016-06-07,0.07545251968276939,0.11352545184708202,0.011381284146158965,0.016060420463375302,0.0026139494931209234
2016-06-08,0.07243713693720277,0.11352545184708202,0.010892469128157375,0.016060420463375302,0.005223632548882813
2016-06-09,0.07536221308724189,0.11352545184708202,0.011366644803878674,0.016060420463375302,0.0020402579357815705
2016-06-10,0.07179696182939291,0.11352545184708202,0.010788692183983928,0.016060420463375302,-0.00693414278809195
2016-06-13,0.08725066318634178,0.11352545184708202,0.013293847232076737,0.016060420463375302,-0.00493195752523156
2016-06-14,0.09046204418148439,0.11352545184708202,0.013814434962194436,0.016060420463375302,-0.0018503299536509893
2016-06-15,0.08577543524839348,0.11352545184708202,0.013054702277060706,0.016060420463375302,-0.0019643050758854017
2016-06-16,0.08218821626925679,0.11352545184708202,0.012473188533095555,0.016060420463375302,0.0030718099938521516
2016-06-17,0.07841530048287856,0.11352545184708202,0.011861572014181502,0.016060420463375302,-0.002794295692429241
2016-06-20,0.07802545111715735,0.11352545184708202,0.011798374655569864,0.016060420463375302,0.004755797514334043
2016-06-21,0.07833629605833443,0.11352545184708202,0.011848764834309387,0.016060420463375302,0.0026317624136515637
2016-06-22,0.07476645187148437,0.11352545184708202,0.011270067667913655,0.016060420463375302,-0.0018860623849991688
2016-06-23,0.07334590308315653,0.11352545184708202,0.011039786592464927,0.016060420463375302,0.012693300451649736
2016-06-24,0.10786566970688567,0.11352545184708202,0.01663568660495841,0.016060420463375302,-0.028179790173205765
2016-06-27,0.22444761120222834,0.11352545184708202,0.03553444959433073,0.016060420463375302,-0.010809909931186912
2016-06-28,0.21425803820831724,0.11352545184708202,0.033882647243942465,0.016060420463375302,0.015072217953002388
2016-06-29,0.21374243920502417,0.11352545184708202,0.03379906497351698,0.016060420463375302,0.014858275333832511
2016-06-30,0.21266136323179907,0.11352545184708202,0.033623814859053046,0.016060420463375302,0.014165071536219452
2016-07-01,0.20965755365288258,0.11352545184708202,0.03313687593378719,0.016060420463375302,0.001250153621646443
2016-07-05,0.18553747234750861,0.11352545184708202,0.029226838975851786,0.016060420463375302,-0.003453707972957302
2016-07-06,0.16735429747208433,0.11352545184708202,0.02627921683165648,0.016060420463375302,0.0038733755863751967
2016-07-07,0.15045649913378747,0.11352545184708202,0.02353996337832092,0.016060420463375302,-0.002502435452163467
2016-07-08,0.1364681552374794,0.11352545184708202,0.021272353210577057,0.016060420463375302,0.015101321230442798
2016-07-11,0.15754363211832512,0.11352545184708202,0.02468883810824031,0.016060420463375302,0.00490391835558418
2016-07-12,0.14334289666054859,0.11352545184708202,0.022386797755772726,0.016060420463375302,0.004245560878114257
2016-07-13,0.13052235731011994,0.11352545184708202,0.02030849702178339,0.016060420463375302,0.002350803551272422
2016-07-14,0.11788695041285574,0.11352545184708202,0.018260207576927846,0.016060420463375302,0.005807904025451539
2016-07-15,0.1121216152587897,0.11352545184708202,0.017325605688904365,0.016060420463375302,-0.0005477651805524189
2016-07-18,0.10228245947818126,0.11352545184708202,0.015730608464392882,0.016060420463375302,0.0023669872819160505
2016-07-19,0.09413816350713662,0.11352545184708202,0.014410360085460015,0.016060420463375302,0.00152211718578538
2016-07-20,0.08687247210354872,0.11352545184708202,0.01323253976415568,0.016060420463375302,0.0006386279898565432
2016-07-21,0.08074280668559629,0.11352545184708202,0.012238877345669858,0.016060420463375302,-0.00383992397955335
2016-07-22,0.08241955273072823,0.11352545184708202,0.012510689821031507,0.016060420463375302,0.006443151217356981
2016-07-25,0.08632132537444942,0.11352545184708202,0.013143194954213297,0.016060420463375302,-0.00481235485998217
2016-07-26,0.08940709257217333,0.11352545184708202,0.013643419793173399,0.016060420463375302,0.0008251005409138298
2016-07-27,0.0828229246303562,0.11352545184708202,0.012576079278694178,0.016060420463375302,-0.0012876215567672114
2016-07-28,0.07881320464782778,0.11352545184708202,0.011926075113112649,0.016060420463375302,0.0011704337808002112
2016-07-29,0.07415527616996129,0.11352545184708202,0.01117099173402719,0.016060420463375302,0.004759169834833193
2016-08-01,0.07540919521169219,0.11352545184708202,0.011374260940849243,0.016060420463375302,-0.0020675488477277758
2016-08-02,0.0741833705496658,0.11352545184708202,0.011175546033059773,0.016060420463375302,-0.00448401854203747
2016-08-03,0.07953810039363184,0.11352545184708202,0.012043585876068184,0.016060420463375302,0.0005766897746975336
2016-08-04,0.07473698379336045,0.11352545184708202,0.011265290682584082,0.016060420463375302,0.00033071843343718266
2016-08-05,0.07090469938358364,0.11352545184708202,0.010644050087005806,0.016060420463375302,0.005844983033213957
2016-08-08,0.07610820501164478,0.11352545184708202,0.011487575407627789,0.016060420463375302,0.0011154449150456228
2016-08-09,0.07194676603688727,0.11352545184708202,0.010812976512893988,0.016060420463375302,0.0007724431752389564
2016-08-10,0.06856468238314088,0.11352545184708202,0.010264716666106854,0.016060420463375302,-0.0034935691324133253
2016-08-11,0.07244647232872176,0.11352545184708202,0.01089398246160737,0.016060420463375302,0.003312243389607828
2016-08-12,0.07105685986685358,0.11352545184708202,0.010668716385000008,0.016060420463375302,0.0015126503685561447
2016-08-15,0.06800385054723904,0.11352545184708202,0.01017380183137641,0.016060420463375302,0.00088109301320944
2016-08-16,0.06540670474416639,0.11352545184708202,0.009752786000351895,0.016060420463375302,-0.004876868715863531
2016-08-17,0.07481666314597113,0.11352545184708202,0.011278207273102487,0.016060420463375302,0.0028881636552703996
2016-08-18,0.0722793565388177,0.11352545184708202,0.010866891801899113,0.016060420463375302,0.0026009690606535046
2016-08-19,0.06989798175093366,0.11352545184708202,0.010480853989114143,0.016060420463375302,-0.004131372398410896
2016-08-22,0.07534841177673345,0.11352545184708202,0.011364407513155117,0.016060420463375302,-0.0015026172561138536
2016-08-23,0.07315915311508481,0.11352545184708202,0.011009513092645052,0.016060420463375302,0.0014012085736949433
2016-08-24,0.06964413826938286,0.11352545184708202,0.010439704152932891,0.016060420463375302,-0.005287503205269134
2016-08-25,0.07919274338483256,0.11352545184708202,0.011987601045379147,0.016060420463375302,-6.010269935012233e-05
2016-08-26,0.07469964153844441,0.11352545184708202,0.011259237237118216,0.016060420463375302,-0.004199932507008106
2016-08-29,0.07901039670269841,0.11352545184708202,0.011958041349569059,0.016060420463375302,0.006452858036396114
2016-08-30,0.08387442259239776,0.11352545184708202,0.012746534586896651,0.016060420463375302,-0.004644521884886562
2016-08-31,0.08708629574447288,0.11352545184708202,0.013267202099158153,0.016060420463375302,-0.002829487783146005
2016-09-01,0.08485317616267427,0.11352545184708202,0.012905197511123186,0.016060420463375302,0.0015373833600394113
2016-09-02,0.07921082021154001,0.11352545184708202,0.011990531427727923,0.016060420463375302,0.00570195298224151
2016-09-06,0.08173023217997759,0.11352545184708202,0.012398946050553465,0.016060420463375302,0.007053265583088272
2016-09-07,0.0878207182778494,0.11352545184708202,0.013386257222227036,0.016060420463375302,-0.0007704403804351806
2016-09-08,0.08228661819287457,0.11352545184708202,0.01248914018571257,0.016060420463375302,0.0002573181058049441
2016-09-09,0.07707011404418028,0.11352545184708202,0.01164350771232312,0.016060420463375302,-0.027593898061201834
2016-09-12,0.21067836943294363,0.11352545184708202,0.033302357441778334,0.016060420463375302,0.014347261885771841
2016-09-13,0.20868421479007543,0.11352545184708202,0.03297909077220389,0.016060420463375302,-0.01626595814835026
2016-09-14,0.2196867733979436,0.11352545184708202,0.034762683880533496,0.016060420463375302,-0.000301931741652519
2016-09-15,0.19437096810646895,0.11352545184708202,0.030658811548747104,0.016060420463375302,0.009700631921707625
2016-09-16,0.18294634235136936,0.11352545184708202,0.02880679834997453,0.016060420463375302,-0.002460151299010383
2016-09-19,0.16404343205687774,0.11352545184708202,0.02574250196853852,0.016060420463375302,0.00042902519076491383
2016-09-20,0.14616175221847855,0.11352545184708202,0.02284375431703158,0.016060420463375302,-0.00018804940837486434
2016-09-21,0.13098216694543854,0.11352545184708202,0.020383035438339636,0.016060420463375302,0.014446413902741873
2016-09-22,0.1510441914855942,0.11352545184708202,0.0236352324939747,0.016060420463375302,0.006471679716698993
2016-09-23,0.14051118259263845,0.11352545184708202,0.021927756738470375,0.016060420463375302,-0.005684845669825481
2016-09-26,0.1338911379562752,0.11352545184708202,0.020854600356298676,0.016060420463375302,-0.007550689977547442
2016-09-27,0.13372227531721464,0.11352545184708202,0.02082722651990144,0.016060420463375302,0.005532490718105649
2016-09-28,0.12448282641180264,0.11352545184708202,0.019329446050850213,0.016060420463375302,0.007927118798499326
2016-09-29,0.12259193880217994,0.11352545184708202,0.019022919702811763,0.016060420463375302,-0.006218299680112966
2016-09-30,0.12109876202801803,0.11352545184708202,0.018780865113617526,0.016060420463375302,0.006784936513976311
2016-10-03,0.11693476664584623,0.11352545184708202,0.018105851807035653,0.016060420463375302,-0.007298381853003511
2016-10-04,0.1200869296956387,0.11352545184708202,0.018616839886473877,0.016060420463375302,-0.009695965940747772
2016-10-05,0.13099416920474474,0.11352545184708202,0.02038498109005083,0.016060420463375302,0.0030131039736351166
2016-10-06,0.11878191542192855,0.11352545184708202,0.018405287778658096,0.016060420463375302,0.0006950834344583018
2016-10-07,0.10745628682731344,0.11352545184708202,0.01656932272463779,0.016060420463375302,-0.0012513152006194996
2016-10-10,0.0989733212324446,0.11352545184708202,0.015194173587746544,0.016060420463375302,0.005536848135354693
2016-10-11,0.09644692342209255,0.11352545184708202,0.014784626510194916,0.016060420463375302,-0.010580374804281988
2016-10-12,0.11906460889501817,0.11352545184708202,0.01845111440393159,0.016060420463375302,0.004075195596157426
2016-10-13,0.10999942223143983,0.11352545184708202,0.016981583085341995,0.016060420463375302,-0.0023482812877818164
2016-10-14,0.10247163171294306,0.11352545184708202,0.015761274630894113,0.016060420463375302,0.00017060206632128067
2016-10-17,0.09382318985423663,0.11352545184708202,0.014359300613146359,0.016060420463375302,-0.0012792929273475959
2016-10-18,0.08774262608543476,0.11352545184708202,0.013373597921679845,0.016060420463375302,0.007154632464284612
2016-10-19,0.09249066779717403,0.11352545184708202,0.014143289297744282,0.016060420463375302,0.0009367242324017123
2016-10-20,0.08538010265301627,0.11352545184708202,0.012990616047871374,0.016060420463375302,-0.0048308790902841445
2016-10-21,0.08876907162760701,0.11352545184708202,0.013539992054203242,0.016060420463375302,-0.001087760200038236
2016-10-24,0.08339053751399723,0.11352545184708202,0.012668093369556396,0.016060420463375302,0.005502152387411568
2016-10-25,0.08431391457559063,0.11352545184708202,0.012817779367345116,0.016060420463375302,-0.00019770964917123837
2016-10-26,0.07896001200856162,0.11352545184708202,0.011949873631819898,0.016060420463375302,-0.002317573486539593
2016-10-27,0.07743847572310526,0.11352545184708202,0.011703221763874136,0.016060420463375302,-0.003544348001817327
2016-10-28,0.07913725310717215,0.11352545184708202,0.011978605676179874,0.016060420463375302,-0.0008610501859471105
2016-10-31,0.07533107295025213,0.11352545184708202,0.011361596765898884,0.016060420463375302,0.002830805101999262
2016-11-01,0.07261094708332781,0.11352545184708202,0.010920644990684906,0.016060420463375302,-0.006941014289839512
2016-11-02,0.08779476875468663,0.11352545184708202,0.013382050619715102,0.016060420463375302,-0.0071948714680003314
2016-11-03,0.09883565570916406,0.11352545184708202,0.015171857025996792,0.016060420463375302,-0.0022192777452950327
2016-11-04,0.09313918485094362,0.11352545184708202,0.014248418530767453,0.016060420463375302,-0.0036160117602378195
2016-11-07,0.09135418119792951,0.11352545184708202,0.013959056726179345,0.016060420463375302,0.02029798331319038
2016-11-08,0.15939744200723988,0.11352545184708202,0.02498935389369199,0.016060420463375302,0.0035958858376621897
2016-11-09,0.1434140062658278,0.11352545184708202,0.02239832512921669,0.016060420463375302,0.006651751238129746
2016-11-10,0.13461495659192058,0.11352545184708202,0.020971936512026525,0.016060420463375302,-0.005159943344815645
2016-11-11,0.12792800215815225,0.11352545184708202,0.019887933575177437,0.016060420463375302,0.004410622205290614
2016-11-14,0.11784465771384241,0.11352545184708202,0.01825335162921775,0.016060420463375302,0.0006611322670595672
2016-11-15,0.10666525394280549,0.11352545184708202,0.016441090660483045,0.016060420463375302,0.009783129545109365
2016-11-16,0.11536448367686418,0.11352545184708202,0.017851297754526367,0.016060420463375302,-0.0010471867897312512
2016-11-17,0.10538742447452434,0.11352545184708202,0.016233945403231986,0.016060420463375302,0.0005158648540393267
2016-11-18,0.09617841415158082,0.11352545184708202,0.014741099245176319,0.016060420463375302,-0.0005943858302989921
2016-11-21,0.08901333425025926,0.11352545184708202,0.0135795887649241,0.016060420463375302,0.007760457908745872
2016-11-22,0.09546481998712021,0.11352545184708202,0.014625420549044131,0.016060420463375302,0.004546135897361796
2016-11-23,0.09153099913191405,0.11352545184708202,0.013987720172539757,0.016060420463375302,-0.0006318336793103285
2016-11-25,0.08520687136619234,0.11352545184708202,0.012962534022559074,0.016060420463375302,0.004742580790943241
2016-11-28,0.08384412338979809,0.11352545184708202,0.012741622870370463,0.016060420463375302,0.000147288702252453
2016-11-29,0.07838980530382629,0.11352545184708202,0.011857439064085627,0.016060420463375302,-0.00013403909104646797
2016-11-30,0.07409352777251496,0.11352545184708202,0.01116098187904156,0.016060420463375302,-0.003472957274474695
2016-12-01,0.07644760265306444,0.11352545184708202,0.011542594182423184,0.016060420463375302,-0.0031412025296684958
2016-12-02,0.0773465297618467,0.11352545184708202,0.011688316668733607,0.016060420463375302,0.002967686138346484
2016-12-05,0.07439926274428654,0.11352545184708202,0.011210543695348284,0.016060420463375302,0.006795375333039946
2016-12-06,0.08175587759837179,0.11352545184708202,0.01240310335551664,0.016060420463375302,0.0028435366744463224
2016-12-07,0.07776983223523086,0.11352545184708202,0.011756937014343669,0.016060420463375302,0.01424805587353143
2016-12-08,0.11850655966288709,0.11352545184708202,0.018360650649089524,0.016060420463375302,0.0006931041266475951
2016-12-09,0.10722321036119188,0.11352545184708202,0.0165315393695561,0.016060420463375302,0.00575611197484081
2016-12-12,0.10347533093511048,0.11352545184708202,0.015923981422950047,0.016060420463375302,0.0033821949288576486
2016-12-13,0.09617025273122147,0.11352545184708202,0.014739776220812085,0.016060420463375302,0.010035114539330717
2016-12-14,0.10907984800253465,0.11352545184708202,0.016832513553815036,0.016060420463375302,-0.00896504837760239
2016-12-15,0.1204466207109141,0.11352545184708202,0.01867514836169659,0.016060420463375302,0.004190378860723987
2016-12-16,0.1113106330301886,0.11352545184708202,0.017194139693996933,0.016060420463375302,0.0007662796973540338
2016-12-19,0.1011373401218973,0.11352545184708202,0.015544976461431107,0.016060420463375302,0.0034688283655261755
2016-12-20,0.09435950582201866,0.11352545184708202,0.014446241251057533,0.016060420463375302,0.004422640688277378
2016-12-21,0.09040890589765298,0.11352545184708202,0.013805820867945266,0.016060420463375302,-0.0028602114291745133
2016-12-22,0.08753819038785493,0.11352545184708202,0.013340457439152516,0.016060420463375302,0.0008586767622395138
2016-12-23,0.08127860999969032,0.11352545184708202,0.01232573487876719,0.016060420463375302,0.0019242817986249612
2016-12-27,0.07649996875573879,0.11352545184708202,0.011551083100607476,0.016060420463375302,0.0034852843405855094
2016-12-28,0.07452742729282265,0.11352545184708202,0.011231320081427947,0.016060420463375302,-0.008285166204131188
2016-12-29,0.09499219626401122,0.11352545184708202,0.014548804877597722,0.016060420463375302,0.0036098235892917697
2016-12-30,0.08953676232521104,0.11352545184708202,0.013664440183622532,0.016060420463375302,-0.006519438471558919
2017-01-03,0.09747839371864321,0.11352545184708202,0.01495183519118834,0.016060420463375302,0.005106128520341344
2017-01-04,0.0942911727193768,0.11352545184708202,0.014435163968464771,0.016060420463375302,0.00281405552027773
2017-01-05,0.08794030016032822,0.11352545184708202,0.013405642297014802,0.016060420463375302,0.0002009985216119385
2017-01-06,0.08173518055823197,0.11352545184708202,0.012399748217909847,0.016060420463375302,0.0001912749396033482
2017-01-09,0.07664522523812686,0.11352545184708202,0.011574630210889832,0.016060420463375302,-0.0029983570330960017
2017-01-10,0.07714627867894117,0.11352545184708202,0.011655854542046963,0.016060420463375302,-0.0014688385077585055
2017-01-11,0.074529979247978,0.11352545184708202,0.011231733771533137,0.016060420463375302,0.002523641107808651
2017-01-12,0.07159687973865604,0.11352545184708202,0.010756257452131351,0.016060420463375302,-0.0012464405673950525
2017-01-13,0.06981949190837267,0.11352545184708202,0.01046813022664624,0.016060420463375302,0.0003201148373988341
2017-01-17,0.06695754549692796,0.11352545184708202,0.010004188331148313,0.016060420463375302,-0.0021530703339316254
2017-01-18,0.06786494809923521,0.11352545184708202,0.010151284755319885,0.016060420463375302,0.0006236894011243249
2017-01-19,0.0653146753519052,0.11352545184708202,0.009737867380451664,0.016060420463375302,-0.0033724655218268437
2017-01-20,0.06974918949342426,0.11352545184708202,0.010456733704503545,0.016060420463375302,0.0056748192106627245
2017-01-23,0.07474736891848568,0.11352545184708202,0.011266974185327641,0.016060420463375302,0.0007556722854049416
2017-01-24,0.07082414859117409,0.11352545184708202,0.010630992229889787,0.016060420463375302,0.0032958083404888115
2017-01-25,0.06976443223938927,0.11352545184708202,0.010459204662180224,0.016060420463375302,0.005440662166918065
2017-01-26,0.074042247487131,0.11352545184708202,0.01115266897957301,0.016060420463375302,0.00022918132890684811
2017-01-27,0.07038372889564234,0.11352545184708202,0.010559597060664212,0.016060420463375302,-0.0011540937736112464
2017-01-30,0.06873482763788714,0.11352545184708202,0.010292298423641271,0.016060420463375302,-0.007363082728579301
2017-01-31,0.08726140134594157,0.11352545184708202,0.013295587964222859,0.016060420463375302,0.00033315436634588635
2017-02-01,0.08112983451427555,0.11352545184708202,0.012301617313032582,0.016060420463375302,-0.0004639289450324158
2017-02-02,0.0765598721716684,0.11352545184708202,0.011560793870949661,0.016060420463375302,0.0017697967541928025
2017-02-03,0.0725716808193188,0.11352545184708202,0.010914279649642665,0.016060420463375302,0.006542933927183456
2017-02-06,0.07960039393146176,0.11352545184708202,0.012053684102192376,0.016060420463375302,-0.001772286737712049
2017-02-07,0.07695415909348316,0.11352545184708202,0.01162471058900744,0.016060420463375302,0.0002714131447756861
2017-02-08,0.07272095431717898,0.11352545184708202,0.010938477946741422,0.016060420463375302,0.0012505084973088235
2017-02-09,0.06924155839541034,0.11352545184708202,0.010374443088269613,0.016060420463375302,0.001356379440409887
2017-02-10,0.06648715742060476,0.11352545184708202,0.009927935073967706,0.016060420463375302,0.0029870839826854206
2017-02-13,0.06589674531523874,0.11352545184708202,0.009832225066892427,0.016060420463375302,0.003639857625777773
2017-02-14,0.06661764633700178,0.11352545184708202,0.009949088256631296,0.016060420463375302,0.0021917260504179803
2017-02-15,0.06497678191774948,0.11352545184708202,0.009683092448366412,0.016060420463375302,0.003414559990600294
2017-02-16,0.06547791511691844,0.11352545184708202,0.009764329708920856,0.016060420463375302,0.0012791577227342678
2017-02-17,0.06347069586668813,0.11352545184708202,0.009438945173449523,0.016060420463375302,0.00013898712654965978
2017-02-21,0.06201404195634046,0.11352545184708202,0.009202811200588015,0.016060420463375302,0.008952908898678082
2017-02-22,0.08278991718669554,0.11352545184708202,0.012570728537004456,0.016060420463375302,-0.0027460017148201697
2017-02-23,0.08131081491160991,0.11352545184708202,0.012330955524346217,0.016060420463375302,-0.0004902314920163554
2017-02-24,0.07672884117556371,0.11352545184708202,0.011588184949844118,0.016060420463375302,0.00202163689225918
2017-02-27,0.07288310793353861,0.11352545184708202,0.010964764202778534,0.016060420463375302,6.494183364887801e-05
2017-02-28,0.06953078444412539,0.11352545184708202,0.010421328690575667,0.016060420463375302,0.0004810053632011181
2017-03-01,0.06667454005251794,0.11352545184708202,0.009958311133101987,0.016060420463375302,0.010154675500132767
2017-03-02,0.09123990442011702,0.11352545184708202,0.013940531646639873,0.016060420463375302,-0.006104403116666889
2017-03-03,0.09721448775112079,0.11352545184708202,0.0149090541543681,0.016060420463375302,0.0005098815430473851
2017-03-06,0.08934016911303537,0.11352545184708202,0.013632571023831811,0.016060420463375302,-0.0033131960353296394
2017-03-07,0.08768179444467254,0.11352545184708202,0.013363736679481663,0.016060420463375302,-0.0019708369501025905
2017-03-08,0.08372611858164207,0.11352545184708202,0.012722493450562025,0.016060420463375302,-0.006004273408656141
2017-03-09,0.09152302564901804,0.11352545184708202,0.013986427614176782,0.016060420463375302,-0.0009493930295973695
2017-03-10,0.08549533196653121,0.11352545184708202,0.013009295540231981,0.016060420463375302,0.0022167264326227974
2017-03-13,0.08015987996886914,0.11352545184708202,0.012144380773402364,0.016060420463375302,0.0007220152140687726
2017-03-14,0.0752255564668627,0.11352545184708202,0.011344491792474432,0.016060420463375302,-0.004129857978372616
2017-03-15,0.07917761281271507,0.11352545184708202,0.01198514827188203,0.016060420463375302,0.010174382809502235
2017-03-16,0.09869051233076577,0.11352545184708202,0.015148328250676687,0.016060420463375302,-0.0023651332540643895
2017-03-17,0.09325898432577927,0.11352545184708202,0.01426783887882591,0.016060420463375302,0.0006134780282791921
2017-03-20,0.08603175005990209,0.11352545184708202,0.013096252733428428,0.016060420463375302,0.00036225368021005136
2017-03-21,0.08010839015725348,0.11352545184708202,0.012136033908239455,0.016060420463375302,-0.008378622763163777
2017-03-22,0.09883195189841147,0.11352545184708202,0.01517125661189601,0.016060420463375302,0.0005634162567090747
2017-03-23,0.09068089115518857,0.11352545184708202,0.013849911615215708,0.016060420463375302,-0.0016406578374128823
2017-03-24,0.08564578403965528,0.11352545184708202,0.01303368489277459,0.016060420463375302,-0.0018821813131705036
2017-03-27,0.08195034484725501,0.11352545184708202,0.012434627881516974,0.016060420463375302,-0.0008189614725440594
2017-03-28,0.07755726808160977,0.11352545184708202,0.011722478851202837,0.016060420463375302,0.005765572491375777
2017-03-29,0.08069217598003016,0.11352545184708202,0.012230669747715956,0.016060420463375302,0.0006959260103353328
2017-03-30,0.07566272706535085,0.11352545184708202,0.011415360259929829,0.016060420463375302,0.005176616327789634
2017-03-31,0.07762567767586495,0.11352545184708202,0.011733568533630877,0.016060420463375302,-0.002383398168315856
2017-04-03,0.07653090527568124,0.11352545184708202,0.011556098130813776,0.016060420463375302,0.0015180908565372297
2017-04-04,0.07241504010334687,0.11352545184708202,0.010888887074020158,0.016060420463375302,0.0006848956203887001
2017-04-05,0.0689488450175058,0.11352545184708202,0.010326992165065888,0.016060420463375302,-0.0016584852448369401
2017-04-06,0.06841990570111386,0.11352545184708202,0.010241247334880065,0.016060420463375302,-0.00023893096209949907
2017-04-07,0.06617249803679484,0.11352545184708202,0.009876926546911708,0.016060420463375302,-0.00144117699947309
2017-04-10,0.06590460955133556,0.11352545184708202,0.00983349991557122,0.016060420463375302,0.0012785032139334199
2017-04-11,0.06380798456737417,0.11352545184708202,0.009493622073932548,0.016060420463375302,1.8185601135988633e-05
2017-04-12,0.06235098232303336,0.11352545184708202,0.00925743163364999,0.016060420463375302,-0.0019789888399646474
2017-04-13,0.06403239531561127,0.11352545184708202,0.009530000654429683,0.016060420463375302,-0.007682619361784795
2017-04-17,0.08599271796725814,0.11352545184708202,0.013089925353232185,0.016060420463375302,0.009320829588654059
2017-04-18,0.09933943802803842,0.11352545184708202,0.015253523727721978,0.016060420463375302,-0.0017773203361177194
2017-04-19,0.09289636066424924,0.11352545184708202,0.014209055000759611,0.016060420463375302,-0.004191497178514733
2017-04-20,0.09260343086646373,0.11352545184708202,0.014161568994351885,0.016060420463375302,0.005226827805281879
2017-04-21,0.09072557609555867,0.11352545184708202,0.013857155362286799,0.016060420463375302,-0.001131849027882742
2017-04-24,0.08503782127311336,0.11352545184708202,0.012935129798530447,0.016060420463375302,0.009422720081877764
2017-04-25,0.09913174697683982,0.11352545184708202,0.015219855529189079,0.016060420463375302,0.008433311484177038
2017-04-26,0.10508841167777963,0.11352545184708202,0.016185473299371086,0.016060420463375302,-0.0021953931154758896
2017-04-27,0.09820845311417738,0.11352545184708202,0.015070183018539591,0.016060420463375302,0.0016697596404349896
2017-04-28,0.09031822010905077,0.11352545184708202,0.013791120055767029,0.016060420463375302,-0.0014572251469719168
2017-05-01,0.08510209478342835,0.11352545184708202,0.01294554899229543,0.016060420463375302,0.0013949234152754904
2017-05-02,0.07936175536526581,0.11352545184708202,0.012014999091076471,0.016060420463375302,-0.00036195465886256634
2017-05-03,0.07504351594698459,0.11352545184708202,0.011314981727746476,0.016060420463375302,-0.0002583903991298271
2017-05-04,0.07147729093590453,0.11352545184708202,0.010736871255518098,0.016060420463375302,-0.0015865691120146089
2017-05-05,0.07025784705621711,0.11352545184708202,0.010539190717988416,0.016060420463375302,0.004492675132723167
2017-05-08,0.07181926843626654,0.11352545184708202,0.01079230824382128,0.016060420463375302,0.0017680281231364607
2017-05-09,0.06875680416662486,0.11352545184708202,0.01029586097546204,0.016060420463375302,-0.00319417631697657
2017-05-10,0.07174499145983729,0.11352545184708202,0.010780267416956512,0.016060420463375302,0.007076807865682745
2017-05-11,0.0809464892338329,0.11352545184708202,0.012271895737324871,0.016060420463375302,0.0001261814913169207
2017-05-12,0.07602976192309327,0.11352545184708202,0.011474859224317801,0.016060420463375302,1.4839943591853089e-05
2017-05-15,0.07209373309566616,0.11352545184708202,0.010836800919791677,0.016060420463375302,0.00559478845388112
2017-05-16,0.07619044398560315,0.11352545184708202,0.01150090693099576,0.016060420463375302,-0.0006408569344568404
2017-05-17,0.07273212294782803,0.11352545184708202,0.010940288461310359,0.016060420463375302,-0.01614445775260737
2017-05-18,0.13691410761488157,0.11352545184708202,0.02134464526693647,0.016060420463375302,0.003190168378114186
2017-05-19,0.12394743906474247,0.11352545184708202,0.0192426559489715,0.016060420463375302,0.007200261466675427
2017-05-22,0.12022982798127461,0.11352545184708202,0.018640004716268112,0.016060420463375302,0.0038988297512598698
2017-05-23,0.11072514082147113,0.11352545184708202,0.017099227237206895,0.016060420463375302,0.0014359096061849555
2017-05-24,0.10072433633464263,0.11352545184708202,0.01547802560618779,0.016060420463375302,0.004713875892717614
2017-05-25,0.09607227125643553,0.11352545184708202,0.014723892725945063,0.016060420463375302,0.003130999559013886
2017-05-26,0.08976814678013581,0.11352545184708202,0.013701949251639065,0.016060420463375302,0.001007110050940372
2017-05-30,0.08312862850205413,0.11352545184708202,0.012625636053457475,0.016060420463375302,-0.0008446956350499565
2017-05-31,0.07853889989233417,0.11352545184708202,0.011881608358704221,0.016060420463375302,-0.0027921720054040512
2017-06-01,0.07811586415937552,0.11352545184708202,0.011813031253616805,0.016060420463375302,0.005100439822764525
2017-06-02,0.07926686410293832,0.11352545184708202,0.011999616541656832,0.016060420463375302,0.0016834640132156048
2017-06-05,0.07471653525836428,0.11352545184708202,0.011261975829430879,0.016060420463375302,-0.0009070433773124449
2017-06-06,0.07184226552169053,0.11352545184708202,0.010796036235149093,0.016060420463375302,0.0004932733990416875
2017-06-07,0.06852345429902265,0.11352545184708202,0.010258033300053223,0.016060420463375302,0.002107580669492508
2017-06-08,0.06639853907716257,0.11352545184708202,0.00991356940937383,0.016060420463375302,0.0005061367828063899
2017-06-09,0.06417461783166951,0.11352545184708202,0.009553055937162682,0.016060420463375302,8.577446905809819e-05
2017-06-12,0.06259701350198431,0.11352545184708202,0.00929731503994217,0.016060420463375302,-0.0002320995597265632
2017-06-13,0.061591424453879454,0.11352545184708202,0.009134301893642822,0.016060420463375302,0.004068460928995751
2017-06-14,0.06435661282465792,0.11352545184708202,0.009582558621657586,0.016060420463375302,-0.0007891707962957815
2017-06-15,0.06354481547483372,0.11352545184708202,0.00945096048979476,0.016060420463375302,-0.00021644782660608375
2017-06-16,0.0623176585100493,0.11352545184708202,0.009252029606239824,0.016060420463375302,0.0033197108836872553
2017-06-19,0.06328435179700616,0.11352545184708202,0.009408737472649347,0.016060420463375302,0.006297134672701803
2017-06-20,0.07236761908641508,0.11352545184708202,0.010881199789452636,0.016060420463375302,-0.0050537102243558805
2017-06-21,0.08019853191100901,0.11352545184708202,0.01215064652849454,0.016060420463375302,-0.004019529739447872
2017-06-22,0.08251567786735456,0.11352545184708202,0.01252627239026239,0.016060420463375302,-0.0011813657423380385
2017-06-23,0.07842949927977938,0.11352545184708202,0.011863873740280079,0.016060420463375302,0.00039448880892997695
2017-06-26,0.07387723575020153,0.11352545184708202,0.01112591940183657,0.016060420463375302,-0.0006854356261376884
2017-06-27,0.07092590118142843,0.11352545184708202,0.010647487049431357,0.016060420463375302,-0.007106686210503883
2017-06-28,0.08745669339761536,0.11352545184708202,0.013327246196629623,0.016060420463375302,0.006683489557395117
2017-06-29,0.09077318042595052,0.11352545184708202,0.013864872363271715,0.016060420463375302,-0.00961645300361403
2017-06-30,0.11109629947384675,0.11352545184708202,0.017159394698073736,0.016060420463375302,0.00037287883339245237
2017-07-03,0.10100941116385279,0.11352545184708202,0.01552423826624796,0.016060420463375302,0.00285631210338394
2017-07-05,0.09352538470540424,0.11352545184708202,0.01431102427761267,0.016060420463375302,0.0009204603125935809
2017-07-06,0.08623876150372671,0.11352545184708202,0.01312981076276598,0.016060420463375302,-0.00759833997698291
2017-07-07,0.09941117190727825,0.11352545184708202,0.015265152300420914,0.016060420463375302,0.00477610744187873
2017-07-10,0.09514161487390456,0.11352545184708202,0.014573026698390513,0.016060420463375302,0.0011878228304693407
2017-07-11,0.08761308266084733,0.11352545184708202,0.013352598009972187,0.016060420463375302,-0.00036477107983267157
2017-07-12,0.08177767134797524,0.11352545184708202,0.012406636277538033,0.016060420463375302,0.007366794901222842
2017-07-13,0.08894466024893168,0.11352545184708202,0.01356845622022657,0.016060420463375302,-0.0001583376144176224
2017-07-14,0.08273787140759617,0.11352545184708202,0.01256229154555295,0.016060420463375302,0.005482214733888345
2017-07-17,0.08376638741543813,0.11352545184708202,0.012729021315306845,0.016060420463375302,-0.00016944107060186744
2017-07-18,0.07849421156947453,0.11352545184708202,0.011874364063307486,0.016060420463375302,-0.0008977630408180601
2017-07-19,0.07485477006323203,0.11352545184708202,0.011284384675780225,0.016060420463375302,0.003510101901558177
2017-07-20,0.0732794817593843,0.11352545184708202,0.011029019222842234,0.016060420463375302,0.000850506081975292
2017-07-21,0.06963569886017246,0.11352545184708202,0.010438336064596121,0.016060420463375302,-0.0010639340744782906
2017-07-24,0.06802313483171378,0.11352545184708202,0.010176927951228534,0.016060420463375302,-0.004043054428150453
2017-07-25,0.07373666683724005,0.11352545184708202,0.011103132179942188,0.016060420463375302,0.008922592243731754
2017-07-26,0.08972104532653916,0.11352545184708202,0.013694313770564034,0.016060420463375302,0.006984084899949394
2017-07-27,0.09338649467050113,0.11352545184708202,0.014288509213808174,0.016060420463375302,0.00275261954044366
2017-07-28,0.0871315949815799,0.11352545184708202,0.013274545428105194,0.016060420463375302,0.0011437336171915141
2017-07-31,0.08096885596642917,0.11352545184708202,0.012275521543970064,0.016060420463375302,-0.0004116192774979259
2017-08-01,0.07638656574422732,0.11352545184708202,0.011532699664808185,0.016060420463375302,0.007695895357378274
2017-08-02,0.08643089287503362,0.11352545184708202,0.013160956626375547,0.016060420463375302,-0.0006071760862260064
2017-08-03,0.08100142259194189,0.11352545184708202,0.012280800825898589,0.016060420463375302,-0.0011786582899806636
2017-08-04,0.0772070178544868,0.11352545184708202,0.011665700794975017,0.016060420463375302,0.003498926461212245
2017-08-07,0.07510723775269906,0.11352545184708202,0.011325311486266585,0.016060420463375302,0.0033371866486999607
2017-08-08,0.0731838924300003,0.11352545184708202,0.011013523511781243,0.016060420463375302,-0.0017069671652640943
2017-08-09,0.07179411565302511,0.11352545184708202,0.010788230798524815,0.016060420463375302,0.0003681424542772288
2017-08-10,0.0685217968883802,0.11352545184708202,0.01025776462198434,0.016060420463375302,-0.009764148958982307
2017-08-11,0.0988777821999684,0.11352545184708202,0.015178686030172514,0.016060420463375302,-0.002702707455877456
2017-08-14,0.09400001340682683,0.11352545184708202,0.014387964970322761,0.016060420463375302,0.010006135823633761
2017-08-15,0.10750106844420897,0.11352545184708202,0.01657658214366216,0.016060420463375302,-0.0005058583611194829
2017-08-16,0.09837956910122894,0.11352545184708202,0.015097922138694056,0.016060420463375302,-0.0004426917946444217
2017-08-17,0.09072739469909108,0.11352545184708202,0.013857450170871127,0.016060420463375302,-0.012987268461514809
2017-08-18,0.1276525270236365,0.11352545184708202,0.019843277093994315,0.016060420463375302,-0.0010664008117611916
2017-08-21,0.11575087129854524,0.11352545184708202,0.017913933939775258,0.016060420463375302,0.0005921273603892233
2017-08-22,0.10490085281865351,0.11352545184708202,0.01615506867255053,0.016060420463375302,0.007413469792990655
2017-08-23,0.10605801885016128,0.11352545184708202,0.016342653527360067,0.016060420463375302,0.00023634054631110207
2017-08-24,0.09680777348668099,0.11352545184708202,0.014843122875565783,0.016060420463375302,-0.0014208871242617563
2017-08-25,0.09035954463420005,0.11352545184708202,0.013797819055598626,0.016060420463375302,0.001871926730655206
2017-08-28,0.08391224178244835,0.11352545184708202,0.012752665346944466,0.016060420463375302,0.0009395245818274132
2017-08-29,0.07829580442111578,0.11352545184708202,0.011842200851543003,0.016060420463375302,0.0006302103792044898
2017-08-30,0.07371631384771349,0.11352545184708202,0.011099832815390063,0.016060420463375302,0.002268779421540655
2017-08-31,0.07067954916455453,0.11352545184708202,0.010607551633026924,0.016060420463375302,0.004135001296228045
2017-09-01,0.07130081085731044,0.11352545184708202,0.010708262577922614,0.016060420463375302,0.0019498291823600335
2017-09-05,0.06847165129238485,0.11352545184708202,0.010249635663746712,0.016060420463375302,-0.005504285777657408
2017-09-06,0.07923556593724122,0.11352545184708202,0.011994542886098136,0.016060420463375302,0.002120133058588665
2017-09-07,0.07498764485057655,0.11352545184708202,0.011305924625116096,0.016060420463375302,0.002507999475146242
2017-09-08,0.07194462801418974,0.11352545184708202,0.010812629924188157,0.016060420463375302,-0.003409345752722389
2017-09-11,0.07468187629079698,0.11352545184708202,0.011256357363954072,0.016060420463375302,0.009977238643927792
2017-09-12,0.09504731013053609,0.11352545184708202,0.014557739227871203,0.016060420463375302,0.0012685218196641541
2017-09-13,0.08755145725420131,0.11352545184708202,0.0133426080926712,0.016060420463375302,0.002527437653397517
2017-09-14,0.08212158065213158,0.11352545184708202,0.012462386424994192,0.016060420463375302,0.007830261474296801
2017-09-15,0.09086608757855706,0.11352545184708202,0.013879933274375162,0.016060420463375302,0.0014701282493278893
2017-09-18,0.08414110301683464,0.11352545184708202,0.012789765382941846,0.016060420463375302,0.0017683481141844669
2017-09-19,0.07874049453696189,0.11352545184708202,0.011914288286314604,0.016060420463375302,0.002007867450049706
2017-09-20,0.07449863161596185,0.11352545184708202,0.011226652097131832,0.016060420463375302,0.0012100569376268383
2017-09-21,0.07066430875532279,0.11352545184708202,0.01060508105415135,0.016060420463375302,-0.0038495521624018203
2017-09-22,0.07502046206008486,0.11352545184708202,0.011311244528494916,0.016060420463375302,-0.0015894868595844706
2017-09-25,0.07303830198350564,0.11352545184708202,0.010989922263538784,0.016060420463375302,-0.0011439281439739116
2017-09-26,0.07081134618142144,0.11352545184708202,0.010628916868092713,0.016060420463375302,-0.0012613459730096144
2017-09-27,0.0692248050832172,0.11352545184708202,0.010371727257049409,0.016060420463375302,0.0017662235684106978
2017-09-28,0.0666853595942117,0.11352545184708202,0.009960065057865128,0.016060420463375302,0.003978231524653882
2017-09-29,0.06793232568037211,0.11352545184708202,0.010162207141071664,0.016060420463375302,0.0018160631446175364
2017-10-02,0.06569347760231926,0.11352545184708202,0.009799273922996695,0.016060420463375302,0.0024527184770807182
2017-10-03,0.06454007234984009,0.11352545184708202,0.009612298717251198,0.016060420463375302,0.0023392022093423614
2017-10-04,0.06350872670633097,0.11352545184708202,0.009445110243403564,0.016060420463375302,0.001771689812140223
2017-10-05,0.062177553305222316,0.11352545184708202,0.009229317554736476,0.016060420463375302,0.0051919763009449504
2017-10-06,0.06788116751028751,0.11352545184708202,0.010153914037362825,0.016060420463375302,-0.0012408276168968252
2017-10-09,0.06690667021814503,0.11352545184708202,0.009995941086134167,0.016060420463375302,0.00010828922203050262
2017-10-10,0.06473918205102419,0.11352545184708202,0.009644575817832108,0.016060420463375302,0.0029488972770352617
2017-10-11,0.06448874867086252,0.11352545184708202,0.009603978783372087,0.016060420463375302,0.004039249857530056
2017-10-12,0.06642770469594944,0.11352545184708202,0.009918297363890813,0.016060420463375302,-0.001059705975915648
2017-10-13,0.06551259019292051,0.11352545184708202,0.009769950785689659,0.016060420463375302,0.0016588639846434258
2017-10-16,0.06367671124664141,0.11352545184708202,0.009472341733739764,0.016060420463375302,0.004080922614807546
2017-10-17,0.06592283694443313,0.11352545184708202,0.009836454705804137,0.016060420463375302,0.0021358925000119836
2017-10-18,0.06437645072372745,0.11352545184708202,0.009585774486378257,0.016060420463375302,-0.0011233230825516832
2017-10-19,0.06401750205623817,0.11352545184708202,0.009527586351018528,0.016060420463375302,0.0009859552854648256
2017-10-20,0.06225441233585539,0.11352545184708202,0.00924177695097655,0.016060420463375302,0.0036263425265891797
2017-10-23,0.06384832044027693,0.11352545184708202,0.009500160806194003,0.016060420463375302,-0.0028852728583580387
2017-10-24,0.06732350097482177,0.11352545184708202,0.0100635123203757,0.016060420463375302,0.0037500472965043136
2017-10-25,0.06792536111102838,0.11352545184708202,0.010161078134780795,0.016060420463375302,-0.006807782030753745
2017-10-26,0.08428445921838924,0.11352545184708202,0.012813004444167683,0.016060420463375302,0.005727433705536432
2017-10-27,0.08560045475482964,0.11352545184708202,0.013026336692878367,0.016060420463375302,0.010555315536986905
2017-10-30,0.10440836076831332,0.11352545184708202,0.016075232203761742,0.016060420463375302,-0.0010202347199360154
2017-10-31,0.09621097688207768,0.11352545184708202,0.014746377895695032,0.016060420463375302,0.0008470744793052619
2017-11-01,0.08847224058943898,0.11352545184708202,0.013491873628945664,0.016060420463375302,0.0013158803190191429
2017-11-02,0.08211375413935486,0.11352545184708202,0.012461117691534244,0.016060420463375302,0.003316818162790055
2017-11-03,0.07870894455011632,0.11352545184708202,0.01190917380875432,0.016060420463375302,0.0005044095265077063
2017-11-06,0.07407588703303454,0.11352545184708202,0.01115812218953801,0.016060420463375302,0.0007170384278334142
2017-11-07,0.07028449772630053,0.11352545184708202,0.010543510981409612,0.016060420463375302,0.0028789672782839684
2017-11-08,0.06869197151861436,0.11352545184708202,0.010285351141494552,0.016060420463375302,0.0007919325120930194
2017-11-09,0.06595628291374496,0.11352545184708202,0.009841876535625006,0.016060420463375302,-0.002697295597920056
2017-11-10,0.06838100048272243,0.11352545184708202,0.010234940521903728,0.016060420463375302,-0.0006226514768435457
2017-11-13,0.0664998298827841,0.11352545184708202,0.009929989370337684,0.016060420463375302,0.0018489824494548786
2017-11-14,0.06458480568943709,0.11352545184708202,0.009619550310181656,0.016060420463375302,0.00027537928195192976
2017-11-15,0.06282186549667432,0.11352545184708202,0.009333765149631787,0.016060420463375302,-0.006076836774940718
2017-11-16,0.07795747249269454,0.11352545184708202,0.011787354836414446,0.016060420463375302,0.003481757006208376
2017-11-17,0.07566995584229189,0.11352545184708202,0.011416532096153856,0.016060420463375302,-0.005178119444102895
2017-11-20,0.08293458999551125,0.11352545184708202,0.012594181029643927,0.016060420463375302,0.0021820417873615328
2017-11-21,0.0780422324849487,0.11352545184708202,0.011801095034802343,0.016060420463375302,0.005437250712052064
2017-11-22,0.08011412715703639,0.11352545184708202,0.012136963916762014,0.016060420463375302,6.718288326465136e-05
2017-11-24,0.07537967524437551,0.11352545184708202,0.01136947554391198,0.016060420463375302,0.002824057158274964
2017-11-27,0.07264071017723842,0.11352545184708202,0.01092546980017454,0.016060420463375302,-0.0003260065730211516
2017-11-28,0.06960284143714578,0.11352545184708202,0.010433009642319585,0.016060420463375302,0.009264348423666947
2017-11-29,0.08870242754201563,0.11352545184708202,0.0135291885733032,0.016060420463375302,-0.00011962954892911007
2017-11-30,0.08251594490143434,0.11352545184708202,0.012526315678388484,0.016060420463375302,0.009756928708267838
2017-12-01,0.0989223697498891,0.11352545184708202,0.01518591398955816,0.016060420463375302,-0.0009285374282874299
2017-12-04,0.09157313632026604,0.11352545184708202,0.013994550910864134,0.016060420463375302,-0.0011609793509283137
2017-12-05,0.08576390164458712,0.11352545184708202,0.013052832597743704,0.016060420463375302,-0.004249999406340459
2017-12-06,0.08733630991692275,0.11352545184708202,0.013307731177062581,0.016060420463375302,0.00020304157922382618
2017-12-07,0.08123663695001208,0.11352545184708202,0.01231893074849079,0.016060420463375302,0.0014942346243805998
2017-12-08,0.07623192913722106,0.11352545184708202,0.011507631969521872,0.016060420463375302,0.004490304980370681
2017-12-11,0.07633977307918333,0.11352545184708202,0.01152511424055667,0.016060420463375302,0.00343294922342844
2017-12-12,0.07431270847097604,0.11352545184708202,0.011196512631222648,0.016060420463375302,0.0029719338301202984
2017-12-13,0.07199693138823052,0.11352545184708202,0.010821108673614204,0.016060420463375302,0.0021649539167144932
2017-12-14,0.06920914858102753,0.11352545184708202,0.010369189226542024,0.016060420463375302,-0.002095967708929128
2017-12-15,0.06945620481284247,0.11352545184708202,0.010409238801203676,0.016060420463375302,0.007623001867897564
2017-12-18,0.0815342295990833,0.11352545184708202,0.012367172636299812,0.016060420463375302,0.006059075054552877
2017-12-19,0.08449643627065188,0.11352545184708202,0.012847367433997092,0.016060420463375302,-0.0031897310063178155
2017-12-20,0.08362981016516019,0.11352545184708202,0.012706881170361273,0.016060420463375302,0.0005395539169825679
2017-12-21,0.07809128324474364,0.11352545184708202,0.01180904651229468,0.016060420463375302,0.002823360064167158
2017-12-22,0.07480255340698885,0.11352545184708202,0.011275919983926755,0.016060420463375302,-0.00039054109660945774
2017-12-26,0.07138864182876341,0.11352545184708202,0.010722500603909531,0.016060420463375302,0.0008747502627487122
2017-12-27,0.0681142671090331,0.11352545184708202,0.010191701142407616,0.016060420463375302,0.0014801379860322032
2017-12-28,0.06564061404164975,0.11352545184708202,0.009790704363328594,0.016060420463375302,0.0016855873741762513
2017-12-29,0.06379430324895763,0.11352545184708202,0.009491404234781647,0.016060420463375302,-0.004627849759524679
2018-01-02,0.07282210107251559,0.11352545184708202,0.010954874556128194,0.016060420463375302,0.00441483071765587
2018-01-03,0.0735664998108037,0.11352545184708202,0.011075546893061755,0.016060420463375302,0.0017282934480609344
2018-01-04,0.07013342224470963,0.11352545184708202,0.010519020569914744,0.016060420463375302,0.0022832580534459176
2018-01-05,0.06784293864048034,0.11352545184708202,0.010147716865308812,0.016060420463375302,0.006338256173201419
2018-01-08,0.07560979081912973,0.11352545184708202,0.011406778917416161,0.016060420463375302,0.002979367070583449
2018-01-09,0.07303488137398381,0.11352545184708202,0.010989367758374407,0.016060420463375302,-0.0013380340693599918
2018-01-10,0.07108512531269419,0.11352545184708202,0.010673298415071553,0.016060420463375302,-0.003984521419023581
2018-01-11,0.07573616427508016,0.11352545184708202,0.011427264954631885,0.016060420463375302,0.005578697841274998
2018-01-12,0.07880494094449847,0.11352545184708202,0.011924735507950548,0.016060420463375302,0.006351947849376427
2018-01-16,0.08340215695917197,0.11352545184708202,0.012669976964370553,0.016060420463375302,-0.0016341962758241457
2018-01-17,0.0797666172637543,0.11352545184708202,0.012080630088165904,0.016060420463375302,0.008843223991264453
2018-01-18,0.09326043804589049,0.11352545184708202,0.014268074537209038,0.016060420463375302,-0.003591816044085542
2018-01-19,0.09139195199643511,0.11352545184708202,0.01396517964161308,0.016060420463375302,0.004116232586745341
2018-01-22,0.08746496597028668,0.11352545184708202,0.013328587239575229,0.016060420463375302,0.009193450663979134
2018-01-23,0.09980231214986526,0.11352545184708202,0.015328558919365864,0.016060420463375302,0.0005286326458392408
2018-01-24,0.09149721765612465,0.11352545184708202,0.013982243954729464,0.016060420463375302,0.0005393855934572381
2018-01-25,0.08458135576322019,0.11352545184708202,0.012861133488521845,0.016060420463375302,0.001614154271763573
2018-01-26,0.07902181877172536,0.11352545184708202,0.011959892948303989,0.016060420463375302,0.01073725244815587
2018-01-29,0.10121026213478879,0.11352545184708202,0.01555679763905662,0.016060420463375302,-0.007429563738272409
2018-01-30,0.10907140222470361,0.11352545184708202,0.016831144433079506,0.016060420463375302,-0.007844995616820945
2018-01-31,0.11620687644988019,0.11352545184708202,0.017987855622382993,0.016060420463375302,0.003159989275975779
2018-02-01,0.10648884818717522,0.11352545184708202,0.016412494031169313,0.016060420463375302,-0.001874711088298158
2018-02-02,0.09890661196191167,0.11352545184708202,0.015183359539903244,0.016060420463375302,-0.02278816945443861
2018-02-05,0.18770713484604076,0.11352545184708202,0.02957855671876076,0.016060420463375302,-0.03932413886380173
2018-02-06,0.3251633728584486,0.11352545184708202,0.05186119183606171,0.016060420463375302,0.016650809716700854
2018-02-07,0.3062966217566099,0.11352545184708202,0.04880275711727317,0.016060420463375302,-0.005296776965117246
