date,Equal-weighted (1/N),Min-variance,Max-Sharpe (unconstrained),Max-Sharpe (capped),Max-Sharpe (Ledoit-Wolf),Risk parity,Hierarchical Risk Parity,Benchmark
2014-02-11,1.0121117110243156,1.009484211592026,1.015679143837426,1.0132891621219302,1.0154630051127995,1.0117790693167112,1.0113786585831053,1.0096183687719738
2014-02-12,1.0096070439851237,1.0063989825047075,1.0091945358962227,1.0125876561698517,1.0093713094691705,1.0095603703413443,1.0097178711054011,1.0109560555697321
2014-02-13,1.018336289368085,1.0150457083608904,1.0174507770316836,1.0223818120769086,1.0177606483615482,1.0179560340099874,1.0172794834816208,1.0175557936260347
2014-02-14,1.0241018121240517,1.0222484529951816,1.021144728739576,1.0295104392407561,1.0216232334528104,1.0237592384703023,1.0233421181212976,1.0219006456457496
2014-02-18,1.0216993319034333,1.0218940112563892,1.0218616155226419,1.0271390319732077,1.0221063541039892,1.0213325465855478,1.0208957068370463,1.0250030659580875
2014-02-19,1.0152153741534686,1.0174728452843993,1.0097707213615539,1.018942672574239,1.010216798798845,1.0152612164056143,1.0153784817895097,1.0200693514101125
2014-02-20,1.023254046806803,1.022342597929725,1.016212431036513,1.0261472129367484,1.01681392851632,1.0227738227077767,1.0228034843580842,1.0275696710913647
2014-02-21,1.018922354736707,1.020041357495474,1.0129259611043897,1.0241437595950809,1.0136060316543003,1.0186270049163098,1.0194698132222575,1.0277906775599774
2014-02-24,1.0239411651744357,1.0233509397628666,1.0192547776495424,1.0303290119558313,1.019892969102145,1.0232263349432031,1.0241170906045336,1.0339748381423208
2014-02-25,1.0217449019059435,1.0232710968952625,1.0092895190371274,1.0252537541915958,1.0102153374786218,1.0214626460419352,1.0230588742612279,1.0328145680801282
2014-02-26,1.020354872802577,1.0199205890506917,1.0069300958262586,1.0225339848536315,1.00776024407975,1.019794886014159,1.0214618884033186,1.0343173504847374
2014-02-27,1.0243982179774536,1.0205691725767396,1.015901037123443,1.0279243161440823,1.0164659205778162,1.0237151731603413,1.0243770300948045,1.0381454772410197
2014-02-28,1.0277849513710724,1.023389706332897,1.019179865184764,1.0329382378135419,1.0197717265982362,1.0270865776239524,1.0280630883348796,1.0414321059378056
2014-03-03,1.021929319157088,1.0168439585645277,1.0117120806326383,1.0250997418876788,1.0121952095389506,1.0211992250650772,1.021589549923031,1.0343509458820592
2014-03-04,1.0346811965350182,1.025515521142875,1.025745754015375,1.0408217635696997,1.0263609679464276,1.033332835502391,1.0329239517672597,1.0502716737859075
2014-03-05,1.0347227932645882,1.0240860344536553,1.0233866837712677,1.0413119472806802,1.0242940077597011,1.0324769308588326,1.0312474908335911,1.0492956379732228
2014-03-06,1.0371007595526172,1.024416824940623,1.0219491701071746,1.0412885555484284,1.0229741516470672,1.0344521634756652,1.0333225245671658,1.0511767255214923
2014-03-07,1.037341733694502,1.0245837518118692,1.0190792710206342,1.0407011142955898,1.0202234077665506,1.0348385633887554,1.0341237375138645,1.0522266825628126
2014-03-10,1.0356249539683868,1.0232471818059525,1.0140897117391918,1.0371506155497316,1.0153695909381464,1.033393833708301,1.0329874197760363,1.0498417874978003
2014-03-11,1.033975805950827,1.0315383876196216,1.010542475317032,1.0347824678369384,1.0118343680140731,1.0327853964038274,1.0332541987391897,1.0444745229256591
2014-03-12,1.0353085991223405,1.0337005756956796,1.0091305383201965,1.0362812568556221,1.0106152711176906,1.0340913582503264,1.0345032909258178,1.045363579516425
2014-03-13,1.027899325497442,1.0252750629076182,0.9943808506630728,1.0258172193585366,0.9962707278996039,1.0265767375172057,1.0268775320553785,1.0327648889994594
2014-03-14,1.0271488497033117,1.025346534939825,0.9908249153870178,1.0214050529780818,0.9926005938273407,1.0257305462702582,1.0261814738628476,1.032509847332605
2014-03-17,1.0352330132004504,1.030145249994673,1.0037767054493782,1.0322477107607628,1.0054599988640933,1.0335615520427952,1.0340362014673476,1.0405530771406108
2014-03-18,1.0408786763692897,1.0325178671305784,1.0132033068316866,1.0432382727330423,1.01490551704225,1.039003057707477,1.0391367857357374,1.0478072720396325
2014-03-19,1.0341941071055905,1.0235246418067876,1.0133619176591495,1.042914198921627,1.0151083646392631,1.0323683605861564,1.0324740263887129,1.040887257800286
2014-03-20,1.042913025543472,1.0291327557013796,1.0242915117553861,1.05382779180271,1.0261074199377478,1.0406821502313446,1.04108383779743,1.0455234830246294
2014-03-21,1.0410115828600404,1.027091999190146,1.0183983513851411,1.0505010127836631,1.0202821203858419,1.0394463990964262,1.039666985368676,1.0427588864706268
2014-03-24,1.0383750278810742,1.0295864587153785,1.0156780960479752,1.0465051370941454,1.0173620926758566,1.0378230626939204,1.038696180703601,1.0354125679250525
2014-03-25,1.0431853135216929,1.0337783007159649,1.0169809877929261,1.0476201600404527,1.0186173397639786,1.0430052912518724,1.044114368830201,1.0380467834066294
2014-03-26,1.0351809768543934,1.030384279575363,1.0079278137311882,1.0373569170127115,1.0095253925350043,1.0359791869555983,1.0381966479171123,1.029434519115621
2014-03-27,1.0353246328222352,1.0331637851912103,1.0001210581344278,1.030626659617689,1.0017821918768466,1.0366376908376438,1.0399134693013203,1.0281374997043111
2014-03-28,1.0417884723605997,1.0385348956598988,1.0073295894294785,1.035509131923776,1.0087555264977965,1.0427187985753104,1.0460015936862623,1.0339568109546058
2014-03-31,1.0466325985084488,1.0448802903795618,1.0129901526641565,1.0435763235804691,1.0145762796708033,1.0477789763440675,1.0515137373393673,1.044395448247342
2014-04-01,1.0505607943230928,1.0442917887457333,1.0262457501457996,1.0547536029297915,1.027747389194484,1.0509211585337064,1.053729833800258,1.05315953010493
2014-04-02,1.0528992806409436,1.0446868000170564,1.0264313797286373,1.0544412888706312,1.0278550581724415,1.052996959843583,1.0557679519804817,1.0565060231106507
2014-04-03,1.0525859446276136,1.0447840514119495,1.0284067280089402,1.0556181173180135,1.0297421250549224,1.0529774632797488,1.0563592146988579,1.0544200502958738
2014-04-04,1.0434667935902127,1.0414123444815089,1.0098336213477725,1.03710451246344,1.0110625972335305,1.0448746337901829,1.0496241888073883,1.0406777678401693
2014-04-07,1.0378606831072172,1.0366285831687674,1.000896947058053,1.0267936669543634,1.0019723870501207,1.039612758239801,1.04451822850972,1.0263849815759287
2014-04-08,1.0448852023516555,1.0441660711056093,1.0063650772729538,1.03499300665352,1.007637480814618,1.0465183268635954,1.0515221586481616,1.0316144366812672
2014-04-09,1.0510409126885776,1.0470280094405733,1.0178777783810378,1.0456841817366131,1.0191134342041295,1.0522456093252566,1.0566775408333506,1.042742153750958
2014-04-10,1.0357361420104638,1.0411266787374627,0.9953739987570824,1.0229903302033072,0.996534267515438,1.0382379572139586,1.0438772997913275,1.020253655660273
2014-04-11,1.0268916554735634,1.0374299212386946,0.9844234936956042,1.0118392530568203,0.9855051677527976,1.0304517778988975,1.037464296098729,1.0087857706671846
2014-04-14,1.0339312859478,1.043273254110232,0.9904928949519908,1.0187811853615987,0.9916811787585793,1.037216938999621,1.0444736714164757,1.0163681561352103
2014-04-15,1.041435290400422,1.0490609859760112,0.9982911885300316,1.0286325069981517,0.9996703165335818,1.0447124213234997,1.0528795072300163,1.0230813511258978
2014-04-16,1.0497284422346946,1.0546921665215827,1.0059889717926478,1.0363216176963503,1.007279245681382,1.0526514617557239,1.0609226775143037,1.0346134362383261
2014-04-17,1.0488857901299995,1.0533293568657887,1.0007960108118084,1.030398245867197,1.0020639847737676,1.0519131012333744,1.060177655232098,1.0359442351136816
2014-04-21,1.0535773239280508,1.0562819310528742,1.0009420874846544,1.0312661623354265,1.0021905847714627,1.0561115708524547,1.0630819577719817,1.0391011314616359
2014-04-22,1.0570200941909866,1.0584874539436395,1.0062067737527762,1.0366828836729067,1.007506123359687,1.0592193933372165,1.0659033249556933,1.0446678061190555
2014-04-23,1.0551702874490527,1.05412271261418,1.0075834460228381,1.0361779775137452,1.0088248544993998,1.0566131169471185,1.0621853130831864,1.0437397295172848
2014-04-24,1.0595365558936796,1.0673129722155934,1.0175606881895514,1.0456361723657062,1.0186675064061508,1.062509885970891,1.0669109637258651,1.0445726540479463
2014-04-25,1.0534574841077133,1.0714962857954082,1.0069248645845985,1.0357101904046686,1.0079958819941106,1.0584051166324062,1.0632067855515432,1.0342402403629498
2014-04-28,1.0554055724644906,1.0830392789885435,1.0098994952710136,1.0361439320842385,1.010391372046367,1.0629950390014382,1.0689748322065344,1.0338191674711645
2014-04-29,1.0581890030453895,1.0829102718772254,1.0130292435338084,1.0412223350911596,1.0137310280358296,1.0649850511826713,1.0709996562858646,1.0391687216087504
2014-04-30,1.0589718436738562,1.0796666352019664,1.012311894290216,1.0415980395329216,1.013048857842899,1.0653842661469937,1.0719427769953822,1.0438310228390268
2014-05-01,1.058115484108884,1.076833177182741,1.0116471807517404,1.0410432897054185,1.0124103907063402,1.0640982499807985,1.0702076136412824,1.0458485761783596
2014-05-02,1.0561505792041637,1.0732907855555291,1.0120096744743423,1.0410004854066304,1.0129201765458118,1.0617582915943395,1.067301170172961,1.0460714402973537
2014-05-05,1.0570708539402942,1.0757141275151332,1.0195873346553532,1.0465366964776863,1.0203985696461573,1.0630880855992901,1.068575845828978,1.0477771395076407
2014-05-06,1.047692341910812,1.0692323797833583,1.0120200867147626,1.0396373133085812,1.0127796971644545,1.0545913393050779,1.0608583678823007,1.0387801777898453
2014-05-07,1.0542942898202694,1.077762252799969,1.018064774741343,1.0481770579909286,1.0188103413866767,1.0618244011512419,1.0692789550868709,1.0453167673020092
2014-05-08,1.053129960558265,1.073641140306946,1.0152469982094825,1.0450418547823337,1.016027687063874,1.0601032499870058,1.0671207864130814,1.0438346086290688
2014-05-09,1.0524143996510942,1.073494362374341,1.0113734917494206,1.0426233745424234,1.012421515392814,1.059296476403538,1.0663703563340092,1.045594141167894
2014-05-12,1.059509829880184,1.0762273914413285,1.0224356704876265,1.0537482735085058,1.0236752812639036,1.0651904407935728,1.0713321742706372,1.0578924804244565
2014-05-13,1.0608583142494796,1.0772975241232754,1.0236459742089523,1.0557670411619706,1.0249735371707789,1.0664878971818275,1.0727506709976817,1.0564759614980643
2014-05-14,1.0569841982247843,1.0740276470477452,1.0209108046913742,1.0521652551515686,1.0221205588770907,1.0630577023430112,1.0694933716225221,1.050627263763895
2014-05-15,1.0478802677433718,1.0673348551288553,1.0105260877111168,1.0419066785105695,1.0116602527622662,1.0543385502189346,1.0607226283832818,1.0412108035353
2014-05-16,1.0517352297741236,1.072572620239016,1.016906306879025,1.048024692688396,1.0180277395083253,1.0586126685047033,1.0650790847862783,1.0460300966479577
2014-05-19,1.0509181279263347,1.0679362493018305,1.0220216083598512,1.0525437492274912,1.0232811884275332,1.0573605342505128,1.063233565378676,1.0501097814581202
2014-05-20,1.0472825081613535,1.0644088657087476,1.0148495910295243,1.044522955371591,1.0159762558679122,1.0536185789510515,1.0591304322936688,1.041914259590196
2014-05-21,1.0545545824356026,1.070089239654708,1.0219145325261345,1.0524726124942232,1.023194694335471,1.0605301817814006,1.0662883616422087,1.04909066664077
2014-05-22,1.0560651094369204,1.0722882691394122,1.0248945854733174,1.0551655006790777,1.026149743238018,1.0620733397171787,1.0677937239068946,1.0531538668498357
2014-05-23,1.0591988093145843,1.072785511726516,1.0309470581342612,1.0608606525245377,1.0322509057413412,1.0647896850715781,1.070095502188351,1.0586392627012726
2014-05-27,1.0642693138404937,1.077482457545475,1.040450605009554,1.068699694347984,1.0417555176152689,1.0698542043466963,1.0747971345487912,1.0653722296548462
2014-05-28,1.061482126952552,1.0761665766990336,1.0404193689101815,1.0680792000514514,1.041604888847216,1.0674447140181005,1.0723237187613248,1.0642234647094901
2014-05-29,1.065501389288826,1.080433171723019,1.0477421399634441,1.0743138286653402,1.0489611979648208,1.0716287015096484,1.0759197679568688,1.0695046344642187
2014-05-30,1.0682478821245192,1.0827664606855982,1.0487586057043967,1.0759699886306784,1.0499870393961586,1.0744414408246712,1.0787655212723541,1.0711213954714107
2014-06-02,1.0669005901758613,1.0821410850087039,1.0440616061286565,1.0751325980695443,1.0455852304319353,1.073192019044829,1.0782422291526583,1.0731681109826288
2014-06-03,1.0665245427728904,1.0809819334733262,1.0467223191030297,1.0748181100980874,1.0479682732645583,1.072961573469769,1.0778721065740788,1.073091579081036
2014-06-04,1.0670410928400873,1.0847953127687455,1.0498911743266777,1.0764016018688123,1.0510384970769582,1.073809818723715,1.0786522952950108,1.076377316778372
2014-06-05,1.0768296168954707,1.0886896905534784,1.0551552800863813,1.0847875005957215,1.0566232784267782,1.0823808621052629,1.0867469601764659,1.0835308201681344
2014-06-06,1.0814006595276147,1.0871507633150495,1.0578309650487319,1.0887816610318695,1.0593666454735176,1.085923866998949,1.0900731498971217,1.0893045300539046
2014-06-09,1.0801981044174802,1.0855162909206681,1.0594705461177916,1.0910563829659092,1.0612257781100372,1.0849563421569877,1.088739606466266,1.0898675861150697
2014-06-10,1.0825058224035495,1.0859155170333663,1.0615691741047457,1.0933712223821757,1.0632223195965769,1.0870356627427875,1.0906288296573732,1.0878945011730958
2014-06-11,1.077533169581451,1.0814154576388781,1.0583563049910978,1.089504032565051,1.0598337351361535,1.0819710667040687,1.0853157765381667,1.084144784255313
2014-06-12,1.0720302149883254,1.0797626976788763,1.056369498139218,1.0817407248523918,1.0570301085348022,1.0769616467198428,1.080555154446295,1.0762246456697826
2014-06-13,1.0770658016639887,1.0824019490943468,1.0580144348860865,1.0834121460908512,1.0585965109416893,1.0816713556327606,1.0856579484889832,1.0796740025378329
2014-06-16,1.0774124784560621,1.087206041423326,1.0607210513230856,1.0810707184784145,1.0608299241777683,1.0827341066564948,1.087214940609015,1.0804375643937245
2014-06-17,1.0795922245361171,1.0870020250907724,1.0623562599398058,1.0818117849945978,1.0624273582160044,1.0843863618670528,1.0886035563402556,1.084677494720914
2014-06-18,1.0917469336945849,1.0964819310315361,1.0723357395377504,1.0955171404025001,1.0729136844669438,1.096186422188039,1.1004949495010816,1.0926862827980677
2014-06-19,1.0944306093770988,1.1012987210421148,1.0747539728476565,1.0973600505235621,1.075080107649333,1.0994862186797951,1.103941002522736,1.0941308333583455
2014-06-20,1.0954320962846844,1.0985456730762535,1.0736884209651405,1.0996297000697002,1.0739382655651428,1.100056482624618,1.1049180376678625,1.0968675821280032
2014-06-23,1.0965247418975346,1.0986567774546077,1.0738198695025136,1.0978694707863266,1.073809326072756,1.10074748835687,1.1049953139023077,1.0956606970138896
2014-06-24,1.0901965633356703,1.0926405512614663,1.0689301668340534,1.0915220237286982,1.06878024831162,1.0948181444004024,1.0994381569603089,1.0882431465469606
2014-06-25,1.0953795189844064,1.09793667208824,1.0758217142460573,1.098583207807527,1.0754388134293222,1.1000491841206594,1.1046255649786048,1.0930516494611173
2014-06-26,1.0935719478918895,1.097746688530169,1.0763782375077786,1.0972729383643172,1.0758435542688305,1.0985420629674572,1.102976557409784,1.0921970330060704
2014-06-27,1.0955170321621635,1.1004825472956978,1.0798652929291768,1.0985892001259527,1.0793023184005006,1.10079819932546,1.1049428898298967,1.0950653860940913
2014-06-30,1.0960411944774733,1.1006554633924592,1.083331597713503,1.099256569914245,1.082655947277004,1.101408678557796,1.105011749422441,1.096321765077473
2014-07-01,1.1001522132033668,1.1041474197372627,1.0855453225070455,1.1028104609872287,1.0849956421877007,1.1050523226908082,1.108516583274523,1.1031464786917247
2014-07-02,1.09966513728073,1.1011366020411657,1.0816744078417826,1.1006509681894923,1.081422254978112,1.1040560896390692,1.107222047309366,1.1012611453225611
2014-07-03,1.1036608320819852,1.1041473817859269,1.0858419983676029,1.105311821118805,1.0858248827168964,1.1075535529367957,1.1108536378909237,1.1068013759769013
2014-07-07,1.1014996501571095,1.1025185771507933,1.0883726907938822,1.1050360335946081,1.0882779798905269,1.1062534645448348,1.1091262259694814,1.1005497692347597
2014-07-08,1.0942537383957647,1.1000655610920964,1.0856759107964928,1.1002448346127147,1.0852298419778126,1.1002774694050097,1.1039424606719155,1.093786234255889
2014-07-09,1.1000663938390265,1.1059231198170407,1.086324518999083,1.1058933748798443,1.0865565610240853,1.1056064826549656,1.1092169581618234,1.0989799988190931
2014-07-10,1.0978643635004954,1.1034529057618958,1.084952114908957,1.1039520765250872,1.0850385258037374,1.1037715817202578,1.1071654711336762,1.0941686290869448
2014-07-11,1.101562622111267,1.102526325450613,1.0816242945768562,1.1048987867167501,1.0825929601893398,1.1057886246480415,1.1078056789278814,1.0950515480334089
2014-07-14,1.1073512523984368,1.1055160498900731,1.089473298696173,1.111110436789456,1.0904317322934134,1.110976999043883,1.1126624405399592,1.098290792532241
2014-07-15,1.1082965954206017,1.1053197411553448,1.0828282485445908,1.107642316303158,1.0843239338364674,1.1114542588950305,1.113147483382294,1.0961618932081258
2014-07-16,1.1160923880141838,1.1083990141564846,1.0984539980139394,1.121497349724687,1.0993022770614032,1.1186853466004378,1.1203247395033717,1.0991094615127155
2014-07-17,1.1070110302856864,1.0998497282244506,1.0795028138251057,1.1073516419141272,1.0811925855602662,1.109406939610589,1.1109503235320308,1.0889449849088255
2014-07-18,1.1138727910072983,1.104166178893737,1.0856554898782536,1.111949843403157,1.0874071509099839,1.116004119011785,1.1169086447664338,1.0981809700220515
2014-07-21,1.1126027711949364,1.0992518587102844,1.0839138694739727,1.1114655467482277,1.0857434690714174,1.114234783403745,1.1148077062139845,1.095025655073727
2014-07-22,1.1170318191906186,1.1001809037476171,1.0950476971627159,1.1206407949581678,1.0965281323181721,1.1180615957361009,1.1179800771815587,1.1006765764860353
2014-07-23,1.1176305261104706,1.1000955183992673,1.1057968845062514,1.1240053202265918,1.1070117622621218,1.118913441458671,1.1180458858971745,1.101601696624749
2014-07-24,1.1150391425138673,1.100538406120677,1.0999873359492707,1.1170179503955098,1.1011102656409066,1.1169288629430971,1.1162282974927842,1.1037139546210826
2014-07-25,1.1089498430477773,1.0981675099733599,1.0994034673209763,1.1147619269318283,1.100487747361818,1.1124664642238793,1.1125278606324114,1.0989767246213091
2014-07-28,1.1100540764457079,1.102531901891051,1.1006171308255335,1.1158207223611987,1.1020651299969202,1.1144891209834995,1.1138099651685618,1.0980696097986107
2014-07-29,1.1052272565843781,1.0986824809088358,1.094033441238041,1.1107363467737736,1.0955670193228229,1.1096544676823152,1.109443451607134,1.0928137404331637
2014-07-30,1.1038344186874498,1.095557554435933,1.0897395364334372,1.1103866093925923,1.0919131445760761,1.1074215014983992,1.1069436882253445,1.0929433343020323
2014-07-31,1.0814275167770466,1.0741382926218959,1.0636434589589894,1.0856368896243935,1.0659611542233767,1.0852702877471048,1.0857372168259287,1.072666497087097
2014-08-01,1.080384281814153,1.0750418193856413,1.0618544721374434,1.0842421877179877,1.0639710447179849,1.0850956454101932,1.0855119069863393,1.0744585139572356
2014-08-04,1.0847398643734079,1.075695591482816,1.0662049004554377,1.0906933090811635,1.0685252443881197,1.0884754063906696,1.088350843027646,1.077692725368542
2014-08-05,1.0743004441858608,1.065587653824383,1.0501698777348374,1.0772596589241448,1.052402939279392,1.0779603450339068,1.0772808239834044,1.0691964639625435
2014-08-06,1.0757524010481956,1.0664208655229879,1.05205043750639,1.077383762372753,1.0542090513481375,1.0793941335931914,1.0793084376133468,1.0688229629644177
2014-08-07,1.0727085463700523,1.0635933850962362,1.0530945852304818,1.077570720714389,1.0551147763882731,1.0764131182569325,1.0765128199547151,1.0634655760220018
2014-08-08,1.0863585832377096,1.0768333513007287,1.059309324946261,1.0922101453889779,1.0613485972652508,1.0897525877501657,1.0898441195164739,1.0775475443059472
2014-08-11,1.0879888543599936,1.0781337365380912,1.0654600710154705,1.0953832337075793,1.0674412998769023,1.0914552272234475,1.091675731855496,1.080692901373389
2014-08-12,1.0881531523947054,1.077372659463267,1.064081004296551,1.0959588147514707,1.0661163232253168,1.09137137627711,1.091280863018931,1.0786267304920236
2014-08-13,1.0954194259381256,1.081464735392049,1.0775538167048415,1.106534198602734,1.0797563556925422,1.0980130537748776,1.0976297923632687,1.085619510139823
2014-08-14,1.099706395876504,1.085043697631919,1.078603496854273,1.1081117886538905,1.0807678349689718,1.1021698607740193,1.101579817325454,1.0914179443141458
2014-08-15,1.1001924274539825,1.0853862029342496,1.0852800959983737,1.1130787174700936,1.0874166540924124,1.1027905831424796,1.1022996564432397,1.0912086292517267
2014-08-18,1.107695806967576,1.0895334787774054,1.094796092057769,1.122978207584912,1.0968861312830855,1.109806836415929,1.1089580989302164,1.1015723657623913
2014-08-19,1.1131293393637116,1.0994367598937218,1.098407122562276,1.1280855872321076,1.1006402166350293,1.115877960225089,1.1165012104974337,1.1070572024832837
2014-08-20,1.1153649727293942,1.1019444453834892,1.0997832666737835,1.12934502995221,1.1019691673444298,1.118253337806614,1.1198143152542617,1.1109479889434948
2014-08-21,1.119067242765775,1.1050799188363571,1.1064658822309177,1.1324811942826445,1.1085932143987753,1.1219213836823907,1.1236124407856525,1.113275995859771
2014-08-22,1.1156373230056285,1.1034445425571129,1.10371489625218,1.1294312135776892,1.1058964326713536,1.118614679858088,1.120162375989224,1.110813181645655
2014-08-25,1.119654979627396,1.1058066375152193,1.106057008633056,1.1320613778950912,1.1081515754313092,1.1225347358826119,1.1239923341673244,1.1157912128547827
2014-08-26,1.1220846462144523,1.1048693205565312,1.102560334681244,1.13048702198284,1.104632618604202,1.1239153763805436,1.1247811378460526,1.116291468795986
2014-08-27,1.1233124593588795,1.1096010864917007,1.1063959061827877,1.1311001558065468,1.1083513935307419,1.125859341735396,1.1268954852504303,1.1161464790467224
2014-08-28,1.122877615985018,1.109809651802798,1.1048724496908942,1.1305601500832254,1.1067906923376611,1.125849411628142,1.1270316934208693,1.115299051438258
2014-08-29,1.1273851462711415,1.1129235881378106,1.1094072821456138,1.13546466613031,1.1114293468282663,1.130342128490743,1.1314901093229432,1.1191529797800082
2014-09-02,1.1229464771284086,1.105830874256165,1.1090170159991735,1.130220159919418,1.1103684439650678,1.1252665515560085,1.1252017320620422,1.119932186490549
2014-09-03,1.1224518488387143,1.1041431144408178,1.0986822609269788,1.12345233994105,1.0998988937991756,1.1245643775058003,1.1251235626899754,1.1196378352669691
2014-09-04,1.122910327074309,1.103970628369719,1.1031535361756033,1.1263320007910982,1.1043713704630613,1.1245583623897684,1.1254950712768264,1.1187907689565617
2014-09-05,1.128860330507965,1.1100999670477536,1.1109461860412873,1.1340407698137747,1.112128115660189,1.1308834014995066,1.1320600214934489,1.1240292206528513
2014-09-08,1.1256725863287829,1.1042825631162017,1.1106446189261494,1.1317791162381248,1.111704979818048,1.1272997795261426,1.1283761459671118,1.120720179968555
2014-09-09,1.1167459173099892,1.0931378201728907,1.103788515822559,1.1234955101130581,1.1045695698324263,1.1187744907473889,1.119484098945055,1.1125459385953034
2014-09-10,1.1189459137826385,1.101463755755476,1.1078988626699944,1.1252098200863918,1.1086219794650403,1.1214208384303639,1.122358079173549,1.1146455561669935
2014-09-11,1.1200182093079936,1.1047559978316084,1.1107540988503577,1.127028840358879,1.1112765396882165,1.1229545245707089,1.1236217013198515,1.1161553029459659
2014-09-12,1.1116081957751525,1.0988130030722763,1.100826406658625,1.1163804344075243,1.1013419118227945,1.1141652774034003,1.1148521762962598,1.1077455871541706
2014-09-15,1.1119992677640989,1.1029093578536422,1.0979014892258294,1.1149858727580786,1.0983789002962574,1.1154518441399353,1.1165466565705335,1.1052519647377508
2014-09-16,1.1207019711037591,1.1097292285687341,1.1036889415873743,1.1235649309569968,1.1041969141180645,1.1239042679841929,1.1253095095737047,1.1127018297997398
2014-09-17,1.121626650031149,1.111707423373479,1.1106123469819302,1.1267282197332922,1.1105144069120314,1.1250292701424247,1.1263873436849576,1.1135533490671146
2014-09-18,1.1256584552151678,1.1116284828738037,1.1129956157019318,1.1292931662913002,1.1130887814254615,1.128135929158118,1.12897976467626,1.1178100811370226
2014-09-19,1.1281736348887839,1.1169282641650464,1.108069735261349,1.1280627496383897,1.108102883735018,1.1309555789150672,1.1328367523488403,1.1155403421054646
2014-09-22,1.1217633756492895,1.1121343672064075,1.1021278092262383,1.1202829353290054,1.1020309384476679,1.125215930499984,1.1273096682305912,1.104155454194929
2014-09-23,1.1170833752137581,1.1088483954956687,1.0996321571233536,1.1155376003583843,1.099492550735831,1.1207401353503434,1.1222161808001792,1.096239730748268
2014-09-24,1.1244509168046393,1.1165900269599764,1.10449188789696,1.1219257543984968,1.104453597462082,1.1276348850584048,1.1297588201957076,1.1045775538523916
2014-09-25,1.1084289235220264,1.1047011920099414,1.0836483951630258,1.1031019375687356,1.0834876957664423,1.112302697269168,1.1153358356328957,1.0888834000932504
2014-09-26,1.115552706561333,1.1118353139688453,1.095782554800444,1.1127887762377355,1.0954531084871686,1.11961339785291,1.1225242441404564,1.0972988827145542
2014-09-29,1.1141865893184828,1.1155626007955588,1.099163906864216,1.1136816724613985,1.098706173148562,1.1188467124959252,1.1228146805207042,1.0952911629016204
2014-09-30,1.1105064617414113,1.1096450018962838,1.099145512197197,1.1111618352410007,1.0984773574769748,1.1153637475093026,1.1186484915712098,1.0903393875023462
2014-10-01,1.098830761778191,1.1016339803969386,1.0788367555508513,1.098310761862935,1.0785242349045934,1.1049560299763967,1.1086373384082933,1.0760824754909186
2014-10-02,1.0985389026311345,1.1020298461408133,1.0778831293282456,1.0980603386720749,1.0773720280880952,1.1046755923662606,1.108179726730512,1.0773752706302424
2014-10-03,1.1083678317250887,1.1103540752224645,1.094036547597887,1.1097023152631724,1.0927266934326616,1.1138327629829132,1.1175620388063712,1.0891995161107875
2014-10-06,1.1088148323827465,1.1085719799715479,1.093604979938658,1.108660517428108,1.0922460485530485,1.1141583414615952,1.1172834329644603,1.0860712034363271
2014-10-07,1.094213711491538,1.0981511301533073,1.074905852223927,1.0949595451713439,1.0738281769513012,1.1008976458177158,1.1047246224634113,1.068565722655533
2014-10-08,1.1135870225415183,1.116254913276691,1.0968612405029734,1.1172795086901852,1.0961001228388139,1.1202337380381693,1.1232138640332439,1.086263877426263
2014-10-09,1.0924658254695427,1.1014970800934436,1.0801131957587198,1.1014248048453528,1.079367141373513,1.1006169620177402,1.1046261844728629,1.0632830899125159
2014-10-10,1.0832900187801748,1.09823194548875,1.050778286432462,1.0864741772998128,1.0507113870963556,1.0934248247069347,1.098431102357362,1.0492212983373235
2014-10-13,1.0704530888466128,1.0867503568041874,1.032060115939485,1.071997367959294,1.0322942563934323,1.0812920533153574,1.0855120118579906,1.0314560923508593
2014-10-14,1.0733827829666684,1.0927619715332448,1.0421394276228122,1.0747469221897488,1.0411408549293628,1.084192088487411,1.0880352016974213,1.0377834002303277
2014-10-15,1.0640975938824266,1.0848569333294624,1.0303210781651873,1.0619308941020982,1.0292319393937472,1.0749595574676027,1.0793042537716484,1.0330019982152379
2014-10-16,1.063814334063919,1.082459373887589,1.0382214158035556,1.0618147357891932,1.0357765917307278,1.0740847912249585,1.0782949335057002,1.0379489318893445
2014-10-17,1.0749889873038274,1.0933403123829302,1.0564063302200877,1.075471223072219,1.0538549114865956,1.085438090421762,1.0901860796925147,1.0502379653755491
2014-10-20,1.0843346213432712,1.1038661326998267,1.0643865161055712,1.0875666478479291,1.0621127267894763,1.09529489893748,1.0998215150586972,1.061623888888325
2014-10-21,1.0986257368906243,1.1101125601023663,1.0898207280161953,1.1053715001567022,1.0872563460740776,1.1075458438376005,1.1110054790407655,1.0849999930375145
2014-10-22,1.091409684089484,1.107962585764822,1.0815833848829806,1.103125347636675,1.0796059286272066,1.101592930661985,1.105973112447578,1.0757275498752827
2014-10-23,1.1009690517736346,1.1141436048848643,1.1099622966590297,1.1187583714663898,1.1068840338264576,1.1102491682418543,1.1145321693671297,1.0898221551981055
2014-10-24,1.1063457956452603,1.1241440200582287,1.1249617391174895,1.1286215962916717,1.1215493621366783,1.1172509675140574,1.122294447245546,1.098093599122637
2014-10-27,1.1054902091412262,1.1268244831338474,1.1256920569716227,1.1300044992358702,1.122186537812081,1.116894284857465,1.1226755322897555,1.0972290023876246
2014-10-28,1.1177629441640409,1.135551871320331,1.1396810858934776,1.1411727953047348,1.1361361364671003,1.1283289457388639,1.1336678843889578,1.1115021413915722
2014-10-29,1.1169200154141656,1.1327331524756419,1.137236567272041,1.1394406943260866,1.1341635554142497,1.1274312812904872,1.1331681503245281,1.112504377552308
2014-10-30,1.1224286688820915,1.1363085037051663,1.1299584167560075,1.1447100510221415,1.127618641770707,1.1327535247681626,1.1395522274661372,1.1278217660140193
2014-10-31,1.1302284398741742,1.1426461345582606,1.1491250139806926,1.1552933278941615,1.146056322158842,1.139620889882471,1.1468492326664206,1.132127551392196
2014-11-03,1.131017128908655,1.1445028263096886,1.1479534969574519,1.155946086221318,1.1452055538704804,1.1406742550208815,1.1469445319448854,1.1323069910098018
2014-11-04,1.1289783277971432,1.147058099394586,1.1466604239044549,1.1572927610535635,1.1441368216399181,1.1395835814617892,1.1471987632400844,1.12779799643607
2014-11-05,1.1314153921357508,1.153196153639473,1.1550306540305646,1.1631131388075084,1.1521427256471384,1.143523746309453,1.1525701754121362,1.1347757627599169
2014-11-06,1.1349735697208851,1.1485129516662154,1.1611064260834434,1.1662683947246133,1.1581608485525674,1.1451772290448041,1.154041644218112,1.1406066166709945
2014-11-07,1.1373985112037632,1.1544618278488368,1.1593859459714755,1.163974000349293,1.1557915295566275,1.1482918401521969,1.1565923347536051,1.141307360657275
2014-11-10,1.1401383600968975,1.1563986369608728,1.1698271690368174,1.1695981217862084,1.165698461792369,1.1509669549451276,1.1604332769597778,1.1453966027434417
2014-11-11,1.1424070163099582,1.1580836468908098,1.174207855770026,1.1715771431053474,1.1701869308513897,1.1528334978279933,1.1612988710224046,1.1462256165732854
2014-11-12,1.1387887579215785,1.154446202932241,1.170261061168376,1.168524163774742,1.1670271113685877,1.1489033170317302,1.1578502125547139,1.1454373749572966
2014-11-13,1.1395740337987377,1.1539055979629502,1.1713075233412624,1.173084113074444,1.1685043736860918,1.1494014587707473,1.158666944825691,1.143818915525567
2014-11-14,1.1426894644718169,1.1563505200522795,1.1755466635118508,1.1721844543780726,1.172396546435744,1.1517096804827465,1.1598078432715824,1.1434509398379649
2014-11-17,1.1436902620891511,1.158733517877655,1.1783853843517422,1.1771528218223375,1.1754558436204794,1.1536127316230407,1.1615907047355223,1.1446546314203994
2014-11-18,1.1494495848437107,1.1635530216052334,1.1868177266769306,1.1807420916547617,1.1843581467983817,1.1590184590876997,1.1658163122584084,1.1514013851811764
2014-11-19,1.1479098849134064,1.1626984305829131,1.1825027969679598,1.1774590918700916,1.1797700050110798,1.1576317049124119,1.1656733278866116,1.1501755634808373
2014-11-20,1.1529743729036774,1.1633152414972379,1.1904213843060336,1.1860874772706829,1.1881204112585506,1.1616999248129731,1.168861073840448,1.1536926754018864
2014-11-21,1.1583174532329266,1.1663178377361603,1.193915132504052,1.1877862499569207,1.1915202132645808,1.1665689410545426,1.1734899293348622,1.1603976361060264
2014-11-24,1.1567375171974894,1.1622870624883028,1.2029136113229948,1.1909634250477794,1.2005174000063155,1.1639474545563477,1.1712188719861272,1.1651584039107854
2014-11-25,1.1562815507655602,1.163594786652865,1.2013362680616866,1.1907677988337564,1.1992500200735199,1.1638448367368597,1.1704931422433178,1.1643023998950597
2014-11-26,1.1597029903013472,1.1673313142476893,1.2108172430630557,1.1996135058821225,1.2087642319411376,1.1675812729156778,1.1738884792471354,1.165928199094744
2014-11-28,1.1534572423870142,1.1737855264669355,1.189312591141464,1.2012427805901362,1.1889905423377922,1.1638847504868537,1.1723701856696964,1.1637186562421185
2014-12-01,1.1515613430721678,1.1707126071587532,1.1736790827456236,1.193906947989843,1.1739957055362766,1.1624865803216085,1.169274775668607,1.1535161604646242
2014-12-02,1.1559769580371833,1.170634518989915,1.1806518604937708,1.1999794159815573,1.1809077289802623,1.165806416449726,1.1710985873939153,1.1608571846220286
2014-12-03,1.1572488474341405,1.1682867929547391,1.184971340356318,1.2015132482319621,1.1848638007198768,1.165953215457256,1.1698358713931252,1.1682625402183215
2014-12-04,1.154138388140875,1.1668083915052712,1.1815088872642694,1.1978218620118855,1.1812643828492606,1.1631249647900022,1.1679444975358084,1.166544228984959
2014-12-05,1.1524460992735974,1.1640394805962333,1.175364313126744,1.1938627465974243,1.1754172060519799,1.1609108689176144,1.1662785858542157,1.1685168256030738
2014-12-08,1.1433171017236528,1.1560745161453934,1.163059390439299,1.1880073071844184,1.1632106803684767,1.1532412419642286,1.159302090838972,1.1597269524932368
2014-12-09,1.1422168341610712,1.1501832749954162,1.1678640032421608,1.1899626575931717,1.1681031587411104,1.1510044039917944,1.1543330372358045,1.1616192358088284
2014-12-10,1.123449200701486,1.13797144942105,1.1530772895575074,1.1751070408515445,1.1526468854893597,1.1337103180006722,1.1380527137661525,1.1417757209398331
2014-12-11,1.1280148117815143,1.1437677013089753,1.1568278993032663,1.180892210286095,1.1564951344263696,1.1384697300615576,1.143338227367176,1.147200347021096
2014-12-12,1.1091493957037477,1.1300086106623657,1.1410959467720647,1.1647832683002934,1.140465757483726,1.1205489382634888,1.126354807050439,1.130324508525577
2014-12-15,1.0996460971696298,1.116712876723968,1.13172249967026,1.1564981832124206,1.130921731194144,1.110749293459771,1.1178725031144443,1.12403207840535
2014-12-16,1.0906361182436777,1.1122517594828687,1.1205804790760288,1.1435008050672992,1.1197464175560823,1.102769579510498,1.1101339884422938,1.1164402313998154
2014-12-17,1.1149561047881544,1.136125952216859,1.1421895511361975,1.1666376835205137,1.1416897866745745,1.1266189375511257,1.1331669962844861,1.1407451783668545
2014-12-18,1.1400613463683622,1.1596131845232047,1.1689476321285461,1.1921983187723673,1.1687475352513281,1.1516540173926617,1.1575692479270066,1.1654777969086512
2014-12-19,1.1437474421387628,1.15885140290156,1.1647983955689247,1.1921186675471886,1.1648335449232117,1.1541095741862926,1.1594544889413314,1.171593416054531
2014-12-22,1.1511720699256711,1.165978345048786,1.180052559513577,1.2058247735791552,1.1798386865096284,1.161533916024558,1.1685557099654469,1.1763110692967296
2014-12-23,1.1554110793077537,1.1698994478543532,1.1803542317407536,1.207514452892335,1.180492736261626,1.1654390068110436,1.17184378853983,1.180321885879594
2014-12-24,1.1559807101434971,1.1725351569730673,1.1819296059200641,1.2104093924218198,1.1820225315088906,1.1669015021702975,1.172950493802437,1.1810099572005346
2014-12-26,1.1603855714241476,1.1798381406552088,1.1893642416818144,1.2161629808790353,1.1894148846126007,1.171849368912722,1.1780689696667772,1.183752003485132
2014-12-29,1.1606416202650245,1.18096674307745,1.1894789824945693,1.2177895880884628,1.1894876177953648,1.1724359381474696,1.179006748580252,1.1864151630353783
2014-12-30,1.1550484878118525,1.1720204953908642,1.1775179128909568,1.2054110997356664,1.177400105247064,1.1657005088666477,1.1711374501743168,1.1804238407091223
2014-12-31,1.1417452208463894,1.1577106995071773,1.1607887233798122,1.189682860020575,1.1605738714046534,1.1518718123179323,1.1575244689130606,1.168895518178619
2015-01-02,1.143827847175039,1.1580171384652966,1.1587542079955204,1.1894902854616516,1.158490185564682,1.1540278596182352,1.158837557712137,1.1693591729642177
2015-01-05,1.1238028696294895,1.1467484367569736,1.1367120686802457,1.1700575716280943,1.1365391353857734,1.1362887070244032,1.1427884076003347,1.148529507876132
2015-01-06,1.1181770146839338,1.151237241563337,1.134208953895891,1.169661194861309,1.1338561291954417,1.1337254558915313,1.1417256923959307,1.1372923101351033
2015-01-07,1.128408762053198,1.1619156066062015,1.1482138380720355,1.1851762117199638,1.1480478051729759,1.1442410471437308,1.1537731540598666,1.1513377192797407
2015-01-08,1.1470353239944562,1.1739126473598211,1.1735063953458478,1.2081115944868006,1.1735447629539222,1.1615083210249575,1.1703722144065758,1.171633687039993
2015-01-09,1.1397330268643937,1.1660262852888494,1.1650669432645848,1.1999197146063718,1.1650583213937038,1.1543396734437772,1.1621310091348158,1.162376395316784
2015-01-12,1.13200451259698,1.1638851147970477,1.1566773286026133,1.1924614221848755,1.1565828276082286,1.147880559817575,1.1561860487056423,1.1530088776244543
2015-01-13,1.128389512256432,1.16180556428015,1.1535342935512405,1.1904163318063745,1.1534476540777383,1.1448353307563826,1.1543887856804727,1.149914155800685
2015-01-14,1.1225206279297633,1.1576448617925321,1.1519640147839794,1.189219262234057,1.151857093388896,1.139894085340164,1.1502461101547494,1.1440295791709183
2015-01-15,1.1175413094281963,1.1584046468546336,1.1486160103397256,1.1861767808444241,1.148389839472716,1.136634983351042,1.1465222076625683,1.1339894392274346
2015-01-16,1.1309284870064333,1.171379369473894,1.159192784069451,1.1977744469033544,1.1590235700715306,1.1498278750505861,1.1588488807756068,1.1497768601933613
2015-01-20,1.134882191134225,1.174683153578742,1.1657888911502368,1.2019811979805073,1.1654691335442127,1.153911323495294,1.1612932720460034,1.1493551597764642
2015-01-21,1.1442762019448682,1.176928223091825,1.1762279410439502,1.2122825056241788,1.176012170832609,1.1619450275476464,1.167368292959835,1.157145221618217
2015-01-22,1.1630336650586306,1.1867505272291088,1.2015388776411136,1.2350831779956195,1.2015059769836953,1.1783952378856912,1.182965080641923,1.1745795101225902
2015-01-23,1.1547902139465656,1.17689635992957,1.1998612505235196,1.2313156150225626,1.1996625150251434,1.1700211751283471,1.1744640591159934,1.169618140791363
2015-01-26,1.1575281629383738,1.1802041301879407,1.20267025223462,1.2340926219949815,1.202386622590697,1.1727351249513487,1.1772303419545367,1.175849608384477
2015-01-27,1.139087658121551,1.1656542283732676,1.1868392863361001,1.2186098635504987,1.186209651347577,1.1556786637880723,1.1603862433822172,1.1660699622781585
2015-01-28,1.1253475317793862,1.1540700125981278,1.184958823318587,1.2131586734562674,1.1843933837609164,1.142974758134188,1.1496093207883917,1.1498550844653943
2015-01-29,1.1407612202233541,1.1702884117292145,1.2021878970347362,1.231509958823001,1.2015803819628492,1.1581134892041163,1.166081900856069,1.1601412491212646
2015-01-30,1.129776552925838,1.1492489813038655,1.1710374427191446,1.200598276260579,1.1703515400656783,1.1431416274307395,1.1470067370205468,1.1436373901132142
2015-02-02,1.145011112341939,1.1591467999291096,1.1776353035257825,1.2099308581221266,1.177150380729635,1.1569640623060653,1.1601223769478677,1.1564138155047783
2015-02-03,1.159751848956602,1.1689573373370346,1.181571210318689,1.2177808284817562,1.1812438288332532,1.1702863950463187,1.1741509813876436,1.174097868232143
2015-02-04,1.154990097532969,1.1647876703267261,1.1822927183688603,1.214666616894637,1.181887189287163,1.1656126077290712,1.170117536987686,1.1694658236657833
2015-02-05,1.167147918638683,1.1740690591271186,1.1897245550010662,1.226294604062019,1.189496246515426,1.1766507091436453,1.180594023990217,1.1808635670517333
2015-02-06,1.1598030823505199,1.1603641262424995,1.1653752206038808,1.2012970071234002,1.1655798336066814,1.1667665687665525,1.1721097055231595,1.1751180294969525
2015-02-09,1.1558058200754806,1.1547199813549458,1.1623197018365334,1.1960410281776015,1.1623928316146455,1.162357038624752,1.166583303257699,1.1695437597430682
2015-02-10,1.1686762634781387,1.1694226734419344,1.1817174208329502,1.2129836116268806,1.1818052960964203,1.1761536412666362,1.1812137928161626,1.1826581605779556
2015-02-11,1.1670092775321,1.1659919774607355,1.1825582621011976,1.210299167296204,1.1826225272661839,1.1734783885964715,1.1790592666012503,1.1815089512774963
2015-02-12,1.1770357036601846,1.1662584093471615,1.1871185061959262,1.2159536067221988,1.1874063124499243,1.180618700229689,1.1850132999871557,1.1935373057747052
2015-02-13,1.179840129340873,1.162505904266121,1.1828764446902629,1.212176590210073,1.1833792366096632,1.1813865834027224,1.1849000610017217,1.1978518381856997
2015-02-17,1.1774074200254852,1.1562089597924516,1.18384400166143,1.2126727679701235,1.1844802961421022,1.17830516099125,1.1820448442072806,1.1993212427135602
2015-02-18,1.176263304719864,1.163431552717297,1.194084885805636,1.2199266440392034,1.1943974914722757,1.1797514052888527,1.183580098701032,1.2020259645463485
2015-02-19,1.1712675200294245,1.1545419035742335,1.183841942675487,1.2112465595401813,1.184580979925947,1.173488856180784,1.1776604697817046,1.2011330285782176
2015-02-20,1.1800198244072218,1.1579500161493788,1.1945679493587218,1.2224496072070785,1.1953636201647058,1.180973158594575,1.1834392340128754,1.20915052005329
2015-02-23,1.1787243253727167,1.1602071534292693,1.2142911399310985,1.2309040246397618,1.2143711066357041,1.180882547985779,1.183239007875922,1.2089394228394175
2015-02-24,1.1830020561405066,1.161687845425573,1.213918604393466,1.2329594128370978,1.2146226976524461,1.184742625802377,1.1864756265493202,1.2109443533089466
2015-02-25,1.1843145100781896,1.167410267461375,1.1974469173777462,1.226219177199384,1.1982993429051034,1.1857406611289072,1.1892504940509385,1.2110589415116098
2015-02-26,1.1819911797403908,1.168424139286368,1.1960229883317184,1.2222505020515593,1.1967981916190453,1.184181358148292,1.1895336934837148,1.2069355725486834
2015-02-27,1.1782892307285655,1.1689152446026017,1.192413360330193,1.2197205237701885,1.193013906034418,1.1818837799477797,1.1883650800636048,1.2040212370315453
2015-03-02,1.182463836013576,1.1681949778466023,1.1970939959495066,1.2236728080304624,1.1978440110788895,1.184171831597741,1.191437173274197,1.2115589957725292
2015-03-03,1.178393826392067,1.1656344609635494,1.1925310844715582,1.216610247369218,1.1932810363125603,1.1806207652576024,1.1876161081265126,1.2065926650479701
2015-03-04,1.1723164336003298,1.1567545079611035,1.1868903684231138,1.2103091234079917,1.1877575370081017,1.1738287706339305,1.1811581766580066,1.199705598603967
2015-03-05,1.1734945352525825,1.1573351758699164,1.183866671509367,1.2102347839000767,1.1848407480842604,1.1749180741986756,1.181522691789389,1.2030532386208688
2015-03-06,1.1519909840266775,1.1326505696085032,1.167612225401519,1.1853905467034365,1.1682636476170611,1.151666783816449,1.159439927652691,1.1851964540675222
2015-03-09,1.1531359353510833,1.1314605648983609,1.171031498109192,1.1852128875242496,1.1715764452262685,1.1520866876138975,1.1612587248986073,1.1895013038093973
2015-03-10,1.1350411068936996,1.1146430262461047,1.1460672643055296,1.1627466423606072,1.1466030147916342,1.1346576488701634,1.1441419213741262,1.1713788194821986
2015-03-11,1.133558214827995,1.1099871449545637,1.141259129160855,1.161118138594847,1.1421134848171877,1.132293834816687,1.1401351678845002,1.1717860934222983
2015-03-12,1.144462271211235,1.1254722861866984,1.1595964645870462,1.173240241916005,1.1600264685635437,1.1450220458190468,1.1549684686845818,1.1872963139155668
2015-03-13,1.1388487488126546,1.1171789544612953,1.1523230255003,1.1644940346836428,1.152812869320736,1.1387562356328458,1.1483408512377626,1.1803062718889314
2015-03-16,1.1524497175637078,1.1304781135477682,1.1681624688753973,1.1776563928595292,1.1685320308592813,1.1525694564748814,1.1627662817534232,1.1967037256698896
2015-03-17,1.1476796504617264,1.124794518889558,1.1679144504136518,1.1735355885485401,1.1681819282088937,1.1474046905585256,1.157531548904648,1.1934984417381174
2015-03-18,1.1639661130254122,1.1395534870011914,1.1827046210987335,1.1888048871975707,1.1830964403649404,1.1640389183284745,1.174097424065405,1.208547498471383
2015-03-19,1.15507111969257,1.1302291892970477,1.1779155210684367,1.1823391709507352,1.178318405506149,1.155190020285702,1.1655626791807383,1.2038974264227549
2015-03-20,1.166237619903406,1.1423578429362964,1.1784068842612274,1.1939095342125208,1.1792974996807126,1.1665629127564587,1.1767366505653154,1.2160961373584274
2015-03-23,1.1635019649371452,1.1455185146525042,1.181340525511902,1.1907323767251932,1.182057462074139,1.1657397090339956,1.1771886673130618,1.2135859509414924
2015-03-24,1.1566414774694818,1.1377823392190507,1.1759888622065542,1.1850975999065803,1.1766099379582415,1.1586971319207167,1.1708364129145816,1.2067722099376539
2015-03-25,1.1401416307820458,1.1241763400229525,1.153541701664008,1.1665436665060305,1.1540457410059635,1.1428990455474617,1.1548019613665086,1.188710768187985
2015-03-26,1.135842677870952,1.1197511407202803,1.1532891323067715,1.1626134049634713,1.1536759370920302,1.1384226323379119,1.1507140037862693,1.1865620677969644
2015-03-27,1.1404813699390661,1.121732970714923,1.16069264012951,1.1752088873797057,1.1616063794656204,1.1426753160886676,1.1542487334631255,1.1915722106289128
2015-03-30,1.1535485800603063,1.1314248063460182,1.1776275919278854,1.1852311329392369,1.1782516172462594,1.155142005887144,1.1672819218270363,1.2063485769056033
2015-03-31,1.1409598635680704,1.1229137609886861,1.1607822863362105,1.1723688505272454,1.161455471666659,1.1439514021052652,1.155657227852689,1.198691064073263
2015-04-01,1.1418048619943617,1.1259211745796016,1.1572461435936052,1.1704315046858855,1.15791986750375,1.1455357602594136,1.1563791377570762,1.193787437766324
2015-04-02,1.1439909783897164,1.1288300078002385,1.1659903343678146,1.1762079841800286,1.1665928613464385,1.147813491078108,1.159378678750288,1.1984583755549183
2015-04-06,1.1545854798111501,1.1375742297694766,1.1760649666878198,1.187213631232228,1.176652583611347,1.15803331712546,1.1689714628952839,1.206566609362069
2015-04-07,1.152292134885129,1.1312715041743382,1.1671932996222498,1.1818714525334428,1.167776833661956,1.1545684065952013,1.1651968489738613,1.201504969716973
2015-04-08,1.151837874894654,1.1305424062142067,1.1711751817965652,1.1827778521780765,1.17166051465865,1.1537768894037466,1.1641140446837734,1.2068372346493332
2015-04-09,1.1562880256267358,1.1315997569434588,1.1701406007457105,1.1795256166541024,1.1706545188092377,1.1570722502040653,1.1663746426830819,1.2099600273661246
2015-04-10,1.1620301215788431,1.1362344883894346,1.1742653460009418,1.1838550176250802,1.1746731819440257,1.1624619575387842,1.17145642183547,1.2133787439734536
2015-04-13,1.1572223143673674,1.132680420073002,1.1712169229728453,1.1778208138950867,1.1716100022160303,1.157671374490477,1.1663561231429445,1.2079634721973456
2015-04-14,1.1613375135417645,1.1341784768003205,1.1697493833067056,1.1795498807085474,1.1702918148112802,1.1612460307919517,1.168716016350044,1.2096085369731937
2015-04-15,1.1675396398789415,1.1350047017395037,1.1632311554796937,1.182131752975282,1.163762257126572,1.166424937822215,1.1719213138046067,1.215326483563324
2015-04-16,1.1673498354267933,1.133802642155651,1.1702001934774189,1.1856530830796532,1.1707889503605002,1.1659462990827738,1.1711551042758228,1.2145576446968633
2015-04-17,1.1551946072345602,1.125329236097247,1.1538545530978286,1.1727750159787402,1.1544149900671916,1.154859611931235,1.1605855358838502,1.2009619324244762
2015-04-20,1.1669068518741201,1.1359554168547568,1.1664195635086163,1.1833769263985132,1.1669059091178493,1.1662587508865652,1.1714903194985953,1.210499178619326
2015-04-21,1.1626742258616352,1.1325917148480498,1.1665397191972646,1.1822392557490506,1.1670739983982714,1.162195798651526,1.1674849067753599,1.2097548092221342
2015-04-22,1.1671390066810623,1.1380030827087344,1.1690745677339172,1.183524833584361,1.1695161922636108,1.1667118026214875,1.1738109247346415,1.213986054444787
2015-04-23,1.1692638735312764,1.1401819916377725,1.1768650347631506,1.1820344857662062,1.1771517318405698,1.1692766228750637,1.1760813180003267,1.2171425963811837
2015-04-24,1.1803111736090421,1.1458590552596626,1.1790337554732369,1.179286159523264,1.1792889660237866,1.1790332098939296,1.181768801247281,1.2166436734912316
2015-04-27,1.1765734489909239,1.139360566252637,1.175591291841132,1.176602545541483,1.1759759294404806,1.174870390005626,1.1768169427761828,1.209438380976847
2015-04-28,1.1825514373013077,1.1455423674137353,1.167668565164267,1.1787667132994364,1.1682887175269074,1.1807592008977579,1.181786066501805,1.2108605322490296
2015-04-29,1.1778302451266367,1.141492084221507,1.1436313345592186,1.16189794632777,1.1442439015951358,1.1755147362389569,1.1751821569279814,1.2052804000342354
2015-04-30,1.1669221951928417,1.1366358749578964,1.1199652494234116,1.1446362916838833,1.1203049205062758,1.1656722486151863,1.1661512114548465,1.1941012357201268
2015-05-01,1.1765847711063973,1.1419517234996215,1.1429306916852902,1.1580246790313427,1.143176508780622,1.1748779108935352,1.1745760527211748,1.2076346075869648
2015-05-04,1.1785325601577799,1.1436777442480741,1.1474386976681934,1.1625228386655617,1.1475975437070083,1.1766883660561958,1.1765314568635243,1.2117725836468884
2015-05-05,1.1649460387751869,1.1322715018885663,1.129699904558042,1.1465229542253124,1.1298576627891859,1.1630972776226345,1.1629074371831614,1.195867726649056
2015-05-06,1.160215486560659,1.1269010702198503,1.1273055095812239,1.142676484403744,1.127355110879488,1.1584583194517708,1.1582638877395348,1.1921611497803668
2015-05-07,1.165004530983675,1.1289751382453137,1.137955534497753,1.1506642487696548,1.1380280610043059,1.1629601690183846,1.1623828199617319,1.1984143137462664
2015-05-08,1.1767458549710699,1.1410404106515932,1.1552119406374821,1.1660403085295779,1.1553474926976661,1.1750243939088498,1.1749129683401256,1.2120529737065622
2015-05-11,1.1694943964482685,1.135203800664304,1.1470497472217092,1.1602993499304004,1.1472945845110916,1.1677758477877749,1.1669203039743543,1.2077427201470219
2015-05-12,1.1670014704060432,1.1332177198337874,1.1462961259318818,1.156822155859494,1.1464481702765896,1.1654228227224488,1.164378318397303,1.2040075755136084
2015-05-13,1.1661914756523903,1.1325900883358944,1.1481331310693632,1.1582711956021816,1.148237186910571,1.164397549899952,1.1626519302088767,1.2029189212546252
2015-05-14,1.1781909245258695,1.1429092530528497,1.1691494581579982,1.1743134801441841,1.169036468423648,1.1762563036264493,1.175125863541257,1.2143869671723007
2015-05-15,1.181077306348524,1.1466869314235821,1.173305772235616,1.1776714940437025,1.173097621842146,1.1796403440788035,1.1785113119504511,1.2165065485160844
2015-05-18,1.182313963489621,1.1464631105960477,1.1810056503608062,1.181317281369894,1.1807894485879562,1.1806106355885093,1.179211406076294,1.2217836218350455
2015-05-19,1.1806947194961928,1.1466401257352248,1.1778215017412166,1.1771736991948687,1.177399152284083,1.1795018627735254,1.179509720928813,1.221104728698928
2015-05-20,1.1811496199317641,1.1471028258503155,1.1809155014907444,1.178274547227801,1.18054269774562,1.1800135892107813,1.1791784747385088,1.2200289457105
2015-05-21,1.1822455417357103,1.1466509127383584,1.1832101995336464,1.1795197946998413,1.1829472392196598,1.1803037241184409,1.179365478526401,1.2224164989292663
2015-05-22,1.1778074618305863,1.1408088492754023,1.1831245583808576,1.1783011133984165,1.1827780990081134,1.1759173555372626,1.1746650210086416,1.2204544333485798
2015-05-26,1.1672954618583344,1.1344572164492737,1.1658849545924737,1.1683138586816935,1.1656717645256949,1.1661820086992967,1.1659925144457048,1.2076089381915542
2015-05-27,1.1777746633243549,1.1412978155466835,1.1820377175496333,1.1827747991922544,1.1818550606827956,1.1759791572781138,1.1747252553642853,1.2172630562802236
2015-05-28,1.1764005250203955,1.1393465118575758,1.1812784135002787,1.1837221903724622,1.1811311497643642,1.174663183796564,1.1729884455247375,1.2150068969637486
2015-05-29,1.1702586711696048,1.1332381379654803,1.1775435557536673,1.1786651225158036,1.1775894105826448,1.1684221947170008,1.1664130156319725,1.2080028009953907
2015-06-01,1.172922329980617,1.1331786651656144,1.176840270200439,1.1768881877865216,1.1768690896679272,1.1707857469615721,1.1687469302401354,1.2104925534673212
2015-06-02,1.1699471942924193,1.131764508531143,1.167008464242,1.1698217227260832,1.1670541403368806,1.1678025357370418,1.166116852877778,1.20981599252504
2015-06-03,1.1684658532670316,1.1312860326019563,1.172348121200374,1.1688641437142337,1.1722224186439039,1.1658873865283141,1.1643288706418817,1.2112624898287196
2015-06-04,1.1626256407235516,1.1264234804981543,1.1602821541832757,1.1606876494020884,1.160340151963098,1.160518188635159,1.1588616188875023,1.2013987672420932
2015-06-05,1.1558731541921257,1.1132041014203213,1.1514609527243573,1.1503109418269444,1.1515227578657208,1.1520729156924547,1.1495508801706196,1.201399254937901
2015-06-08,1.1509616744306166,1.1129286462048795,1.1483956236493784,1.144592122627335,1.148276530954511,1.1478950717137424,1.1459831346861555,1.1928393261321806
2015-06-09,1.1485421818678192,1.112066288435776,1.1426373988691985,1.1380048131225509,1.1424878200306579,1.1453716465581336,1.1445484415047384,1.1921936801159916
2015-06-10,1.158154058241024,1.117027969937701,1.1541049474117817,1.1475866519247828,1.1540186399275585,1.1539623996641222,1.1536634770567136,1.2051811003014616
2015-06-11,1.161083925004319,1.1203331489669492,1.1573064257544032,1.1511346500619042,1.1571877354513793,1.1570441335733914,1.156785894690111,1.2086874627564548
2015-06-12,1.1526768068344735,1.114084322361425,1.1454289019907766,1.1417921886430686,1.1453521678459895,1.1490929198918776,1.1489876632037632,1.2019375163732162
2015-06-15,1.1475828682143114,1.1071329087416475,1.1481588729070122,1.1397047758225611,1.1479023723255288,1.1437324786155894,1.1425541641855044,1.1958403689616972
2015-06-16,1.1550226010587348,1.1153741815612481,1.1595532273339093,1.1474225736728167,1.1591868513005659,1.1513099181153086,1.1508447455694715,1.203116289359265
2015-06-17,1.1590715194780294,1.1208131318232226,1.1557274424820267,1.1499409675364793,1.1555865415286606,1.155878843199108,1.155503521057539,1.206308436692801
2015-06-18,1.1723740174669517,1.1339414812561308,1.1688044704272162,1.1648113310335153,1.1687408780241446,1.1694502515906096,1.1689746830302914,1.218309027199741
2015-06-19,1.1642801147832564,1.1268630027229662,1.1634475555567572,1.1562767890409131,1.1632246548526965,1.1613643994911957,1.1615671619287122,1.2136938770962895
2015-06-22,1.167059693487963,1.1281709074597805,1.165147090918131,1.1593631483836189,1.1650557694105654,1.163496438274207,1.16377357092258,1.2200434880604056
2015-06-23,1.1677890519052945,1.129484320545075,1.175175225280143,1.164518665797028,1.1749861244442694,1.1638720400725162,1.1640294758869953,1.218993385536505
2015-06-24,1.1579475564473358,1.1219762828520754,1.1617978519180046,1.154346767889241,1.1617480842587267,1.1545276422836597,1.1548898737116564,1.2092561816643854
2015-06-25,1.1542034482123469,1.119988827747034,1.1703297092472353,1.153319646505897,1.1699194719022676,1.1509499223500024,1.151689537920799,1.2056046712962112
2015-06-26,1.1533220301391358,1.1215440372517358,1.1711763132355792,1.149466415017164,1.1704341717491202,1.1508123015577734,1.1520144298195671,1.206127680153481
2015-06-29,1.133356602033114,1.1071623255568495,1.150942017649962,1.1295084372106545,1.1501108294120672,1.1320578120822824,1.1334165028232244,1.1801002796413593
2015-06-30,1.1340569401001122,1.1046717173607952,1.157445938948548,1.1319906974880019,1.1565766715132844,1.132241809259273,1.133258284412331,1.1840577315208607
2015-07-01,1.1397710618507526,1.1135753436838283,1.1684344885931173,1.1409727050568839,1.167516601076182,1.1385681214868617,1.1407851788821184,1.1918756669184796
2015-07-02,1.1428533229781217,1.1179623953773266,1.160137859714516,1.1364275707734335,1.159356873778073,1.142318572462592,1.143983318973003,1.1916522894216457
2015-07-06,1.138785754210759,1.1175639988765,1.159852610228172,1.1347204515121363,1.1590050527770233,1.1391717789555824,1.1412509676683222,1.1862924495986982
2015-07-07,1.1451891310638072,1.1315795501572468,1.1569394196804201,1.1390700588190705,1.1561581242153136,1.1473351251895902,1.1519450012615364,1.1951283645161495
2015-07-08,1.1301039507429533,1.1194104061006611,1.1378318827197167,1.123227123342309,1.1369867414942019,1.133046934380126,1.1375496881701348,1.174542325923172
2015-07-09,1.128782073235698,1.114611007496867,1.1383037515086005,1.125405219525647,1.137324324570709,1.1310355620747181,1.1350868830221672,1.177706617674072
2015-07-10,1.141710914190786,1.1239842719503306,1.1626852900588363,1.1425022181935285,1.161721515780957,1.1433606026893712,1.1478311136977164,1.191061010033538
2015-07-13,1.1525241875723822,1.1341681286111478,1.176571592327464,1.1587371368430297,1.1758062666565736,1.1537391747449603,1.1585086078081006,1.2029472204701053
2015-07-14,1.157992411995708,1.1376428953026134,1.1908103448733318,1.1685041207438733,1.1899569735326005,1.1585926063477607,1.163632202768928,1.2076040881094898
2015-07-15,1.1580577848838518,1.1366771991788218,1.1958297896337813,1.1698474193240067,1.1949129260276181,1.158666346466814,1.1640887817404142,1.2036075164085758
2015-07-16,1.1655160581447623,1.1456195933116764,1.1960499791245784,1.1764626077293807,1.1955103933158757,1.1664491075611374,1.172827168792593,1.2110932513873713
2015-07-17,1.1667309813179625,1.1400359274856209,1.1947308637452714,1.1766667982648982,1.1944410736680684,1.1666506650394182,1.1761642388245177,1.2059660860286585
2015-07-20,1.1613271799751164,1.1365972137885443,1.1920740836838757,1.1772156851434736,1.192114116223005,1.1614370693659768,1.1741911436378112,1.2043291098851465
2015-07-21,1.157728605791612,1.1309887831806715,1.1840003573083302,1.1720734412276204,1.184088775845037,1.1572959555246143,1.1685864850871048,1.1988171808033679
2015-07-22,1.15251577391375,1.128240160463718,1.1769992312403381,1.1713400704544785,1.1767694194430562,1.1525984078316729,1.1638212533400643,1.2001515233877567
2015-07-23,1.1421344886219453,1.1213083156976376,1.1691856247808525,1.1638457169387113,1.1689844393837907,1.1429532959121995,1.1558076841068718,1.1938973583209675
2015-07-24,1.1357484890432983,1.1180553584040025,1.1718073067686672,1.1678889851285368,1.1723157634318708,1.1370018882864084,1.1484794252268082,1.1814483516179144
2015-07-27,1.13080205051805,1.116867867865617,1.1675955089634877,1.1614221464363301,1.16805713369178,1.1331943939706648,1.1457312546157685,1.1733713437327413
2015-07-28,1.145045467072808,1.123534827232162,1.1873190902520994,1.1720191526786,1.1874022356948821,1.1458449154628136,1.1570477123918879,1.1881931061762598
2015-07-29,1.1529966070032749,1.1308820350867947,1.192143276598998,1.1795480959424312,1.1921889857133112,1.153320800436009,1.1647957074466708,1.199063709028026
2015-07-30,1.1541509891136081,1.1282345509898126,1.1895472399777263,1.179538701345944,1.1897288814821305,1.1539981278524762,1.1655917571987435,1.201015787960355
2015-07-31,1.1502366876099759,1.1301120385888055,1.1927338899171926,1.1792428974037998,1.192763933536409,1.1515608777428235,1.1645856637549568,1.2010918335032967
2015-08-03,1.148269125393713,1.1306344934066728,1.190115726132386,1.1777236495518784,1.190117581221487,1.1503737428152665,1.1650512908040764,1.1979673794110461
2015-08-04,1.1454115291369422,1.127313190311612,1.1897430330841134,1.1729659348104755,1.1897021448400418,1.1472214154074165,1.161812519308375,1.1971223553375818
2015-08-05,1.148995272649803,1.1306288983536772,1.2002994053794385,1.1801662667089061,1.2004735592995635,1.1508708989433536,1.1657859033645903,1.2012671570811089
2015-08-06,1.1460141691022798,1.1281518037830243,1.182763678243035,1.172515848138872,1.1829531580049153,1.1481239720018657,1.162334002829861,1.194480897796916
2015-08-07,1.1471653076494417,1.1272565873503573,1.1793982156764418,1.1720965903184517,1.1794955963910854,1.1492563712291697,1.1633241685952245,1.1925513756582986
2015-08-10,1.1623468946691107,1.1364704974386497,1.1849189229851753,1.181496119763264,1.1850050452898202,1.162839774642846,1.1758139074179095,1.20862818380075
2015-08-11,1.156529732186837,1.136139870380119,1.1850922734851597,1.1730745360365022,1.1852502216427865,1.1583846768306492,1.1711591057410096,1.1991477924499037
2015-08-12,1.1607496027247055,1.1385380982459912,1.1829913673296235,1.1731307519121472,1.183043803339969,1.1623727170098328,1.1723934448137487,1.2004631362689895
2015-08-13,1.156764182538266,1.134460767321101,1.1871227779627136,1.1762266047572216,1.1871552108640349,1.1585980558509221,1.1700533628714611,1.1994422392206268
2015-08-14,1.1601510613474149,1.1366299650948612,1.1913474714465482,1.1807824832483917,1.191407084095408,1.1619596293240255,1.173604957526347,1.204954815802697
2015-08-17,1.164299316731332,1.1409765580140736,1.2018338230014052,1.1879365136271012,1.202004561309465,1.1664539386659223,1.1782241005696326,1.2119630043705334
2015-08-18,1.162348953432653,1.1382384312232752,1.2151081086467312,1.1918974272384217,1.2152569643657232,1.1643416042582255,1.1765839223290468,1.209294912847582
2015-08-19,1.15402909415435,1.134251619997303,1.2062153360593226,1.1824723493527949,1.2063054452544906,1.1573739023351748,1.1699919982904856,1.1997555004100922
2015-08-20,1.134571537987801,1.1227844276328707,1.1763744667948557,1.1568842850752297,1.1763560877361288,1.1398908750324632,1.1523790749771232,1.1740397167318473
2015-08-21,1.101031570745707,1.0972456714697223,1.1358982972276817,1.1197929334102845,1.135838352299195,1.1082313938035702,1.121210342374536,1.1412261458703474
2015-08-24,1.0555829500547078,1.0515287923890375,1.083244717596373,1.072147389427989,1.0830119820005808,1.0623385098992386,1.0770154642484266,1.0940528357345225
2015-08-25,1.0387415376551983,1.0318924055365681,1.0743300814361105,1.0591289134298956,1.0743064785700254,1.0443287807386104,1.058575965460448,1.0784301214844774
2015-08-26,1.078266459849155,1.064107425222165,1.1244917090069537,1.1013072548774947,1.124612134786126,1.0822446913836452,1.097189279395913,1.1133990265777642
2015-08-27,1.1046781377786485,1.0834059313585642,1.1562024132626019,1.1265373604345164,1.156460833301749,1.107219938845303,1.1203307641974847,1.1418808588650047
2015-08-28,1.1058095167430766,1.080651597557297,1.1505180075732553,1.123082368540068,1.1508752861145597,1.1074912703996516,1.1185945119638727,1.1451746167284638
2015-08-31,1.0983557100783283,1.0729290113768948,1.1375925943417073,1.1094295879982188,1.137950592366134,1.0990610244363463,1.1092706497266007,1.1362483654039501
2015-09-01,1.067106853519251,1.0475704887960997,1.1039567335663794,1.0733667684504793,1.1042967775615466,1.0689081738224073,1.0798332563833164,1.1037375516269843
2015-09-02,1.0834766788692283,1.057096050031641,1.1288521393409294,1.0984205582842566,1.1293806411911533,1.0838932202561886,1.0953800761798054,1.1217900641558014
2015-09-03,1.084073129262952,1.0606177234468066,1.1232909286031225,1.094827676848696,1.123804879108911,1.0848417638962906,1.0968511621471635,1.1261344195942993
2015-09-04,1.06569438480366,1.0437861161174549,1.1074577347601466,1.0768833316671187,1.1079406493399344,1.0666933698375396,1.0790775287887184,1.1090825773251163
2015-09-08,1.0911216998007645,1.0631029819178865,1.1423593961242886,1.1073092160510674,1.1427490664394844,1.0911249158744585,1.1032418330486962,1.1367353056413316
2015-09-09,1.075519562885778,1.0487775709512683,1.1327619223266265,1.092764105679563,1.1330782835669484,1.0755096049895334,1.087820711128773,1.1218158439824242
2015-09-10,1.0802904430323805,1.0500069952719413,1.145314669814327,1.1043387629777184,1.1455363466360575,1.0795174588409309,1.091655196352744,1.1254856547394505
2015-09-11,1.0867237902780202,1.0545112002582577,1.16123694185934,1.115275059205756,1.1613844212989628,1.086404165298682,1.0980109444571002,1.1305158650878624
2015-09-14,1.0823379324706717,1.0503109025806436,1.14943787607201,1.1109377993843303,1.1495626411692748,1.0822090626363636,1.0942278630192155,1.125450108707095
2015-09-15,1.0958950557814036,1.0615573594248275,1.162513464792988,1.124058069489342,1.1625170880475002,1.0951263398244868,1.1072810394396682,1.1388572852654149
2015-09-16,1.108588081865222,1.0714589626773388,1.174562469562676,1.1329400392457833,1.1746063274945961,1.1073627384080833,1.11767932884055,1.1504535231204056
2015-09-17,1.1097543563707863,1.0738082390485386,1.1930810179651377,1.1372936761835903,1.1930068081177831,1.1089670964364433,1.1192543343280619,1.148980234057267
2015-09-18,1.09343706939412,1.0652482299199246,1.185444778736443,1.123999623634392,1.1852680540624723,1.0937804319835709,1.1053033882828271,1.1302921225416356
2015-09-21,1.099990892982204,1.0695877224598422,1.2011744480052426,1.1335014304597548,1.2010145889917478,1.0999120602537635,1.111684861965773,1.1346520448551969
2015-09-22,1.085389218206819,1.056220863687983,1.1871914399453272,1.1174254394904723,1.1869995152948911,1.085375931935309,1.098252142403641,1.1179699377594474
2015-09-23,1.0823765124058164,1.0551565545497792,1.187483707375259,1.11894604576488,1.1872623709468602,1.0826845438088624,1.0958854022705677,1.1146135622888413
2015-09-24,1.0823939945293841,1.0619741860166836,1.176640667886272,1.1178568380634495,1.1766390809114875,1.083863306551108,1.0963006206371184,1.1104514016782616
2015-09-25,1.0843373122623325,1.0715441951538902,1.149648268851495,1.109866574477216,1.150085736713363,1.086603334438037,1.0996764127361036,1.1109525669625027
2015-09-28,1.0649902759819598,1.0593312323150288,1.1124218952207605,1.0839578794460567,1.1128886525484458,1.0685115107684307,1.0828447131414214,1.0800616282299356
2015-09-29,1.0682167756206855,1.063379956291865,1.1099920102504928,1.0832989796846733,1.110152268443028,1.0717556409186015,1.0867147695114625,1.0812719204677852
2015-09-30,1.0857266789284898,1.0737183386593225,1.1355598545272876,1.1047880562337848,1.1358455042578615,1.087962421651996,1.1017561822696194,1.1018548549838394
2015-10-01,1.0856632169692988,1.0674360575194628,1.1433967358740966,1.1066952745740128,1.143644316062297,1.0869950914718496,1.1004917360614077,1.102370012667033
2015-10-02,1.10438611656378,1.0789277891193316,1.1662177925532025,1.126468489923055,1.1663980423249438,1.1047730503084152,1.1155397158565665,1.119981876510918
2015-10-05,1.1276710393263742,1.0988964555577867,1.184758408891274,1.1439629517908678,1.185026426527827,1.1276206425055004,1.1369530365024252,1.1419712844152647
2015-10-06,1.1310694455010104,1.097915541676853,1.1696832822932237,1.1368398994217057,1.1702786085006214,1.1300590837435125,1.1379039722262907,1.1358597019252161
2015-10-07,1.1394047469422874,1.1031266320260096,1.1779438524028967,1.1427488267377608,1.178599757197001,1.138076833301318,1.1453737449241876,1.1466450676564188
2015-10-08,1.1466882656603994,1.1121000486883046,1.1719241299643384,1.1430685916437704,1.172741136089807,1.1453628462824479,1.1534815712634223,1.1599580905738536
2015-10-09,1.1473572303080894,1.1107816298015292,1.1874106651968293,1.1507050062367339,1.187951224089096,1.145823002820442,1.1539506329124833,1.1602864266662747
2015-10-12,1.1480943612225813,1.1145033110703695,1.2094262866670282,1.1610480561257888,1.209753156687368,1.1471196255718485,1.15588893792432,1.1608443384714338
2015-10-13,1.1448378367908727,1.1099038847407356,1.2129012675386754,1.1610829334593367,1.2130972252693408,1.1435625546195465,1.1519594576968353,1.1507066003835296
2015-10-14,1.1447815230402438,1.1092418856956658,1.2083683069593887,1.15845662076325,1.2087880113654053,1.1431255117309034,1.1489174026337448,1.145419327070828
2015-10-15,1.1593099414266366,1.118307532293781,1.2204349335941391,1.174440750963547,1.2210817458369907,1.1575396423894229,1.163710129510832,1.160591239745053
2015-10-16,1.163894986001683,1.124933981423487,1.231402485103892,1.1821437078334525,1.2321694965929784,1.1625339363934089,1.1694574158667566,1.1630837529657
2015-10-19,1.1627216306546029,1.1230481986224652,1.2359644130522314,1.186744316961866,1.2366796838723735,1.161714829973278,1.1695847453536325,1.1629542767591643
2015-10-20,1.1624071017600153,1.1254631107942836,1.223547575681465,1.1807555859231653,1.2242939792674024,1.1615884893705912,1.1699139209623546,1.1642926719082143
2015-10-21,1.1540214204117953,1.1215516655962827,1.2098348494798437,1.1737995365674527,1.2107597344464878,1.1540555924963618,1.1633991225189293,1.1560015563569763
2015-10-22,1.1784486955190798,1.1428383541091647,1.2118969552081453,1.187304377318363,1.2133737388428594,1.1783028779719293,1.1878656862085686,1.173002898495791
2015-10-23,1.1928188693397124,1.14188728022717,1.2512059108827887,1.2059426726455094,1.2524736077888396,1.1898405078430547,1.1972832951907582,1.1790771684148043
2015-10-26,1.187678735037186,1.1397005303437928,1.2611742120675844,1.2053398872806727,1.2623764830876354,1.1849297454083962,1.1935223467175473,1.1760153135325275
2015-10-27,1.1844717173729233,1.137718909425571,1.2713571143157594,1.2120229346741638,1.2722812532779812,1.1827010504156066,1.1919383883110846,1.1706943757945765
2015-10-28,1.1966559027103152,1.1393028600804072,1.2788240534709703,1.2195662480782772,1.2796928868453101,1.1929062501305825,1.2008964752981937,1.1846101196082695
2015-10-29,1.194404478733978,1.1396396073687924,1.279744476434501,1.2138092349288776,1.280439847871117,1.1911087633819537,1.198400848481327,1.1837892342379503
2015-10-30,1.190016550103819,1.1361348680696972,1.27800733571463,1.2088367806625835,1.2789663870790446,1.186739620682601,1.1941176054035012,1.1822217237511923
2015-11-02,1.2026790550007103,1.1400455086996388,1.2852635866499706,1.2201840289215506,1.2862615095795988,1.1981415570132021,1.2039225999375238,1.1972010066964385
2015-11-03,1.2058702715614722,1.1403829788273863,1.279306164939873,1.2164436407827113,1.2805126426410376,1.2003493550715696,1.205221751174663,1.1995707312842978
2015-11-04,1.2016540184682774,1.1382447035070358,1.2931522508952042,1.211916400567902,1.2941584360318463,1.1964569998721288,1.2012860261384395,1.195000841057257
2015-11-05,1.1970715645722834,1.1366859924193078,1.3081827810237971,1.214340530585966,1.3090522889269527,1.1921067369756704,1.1984731552555368,1.194287088229409
2015-11-06,1.1961206561048763,1.1192847898223175,1.3655532028907988,1.2244152631390592,1.365911402899938,1.1871183601240094,1.191065974787157,1.1911613997099966
2015-11-09,1.1849968998709948,1.1133449578871293,1.357703643102596,1.2145003352587433,1.357971931836753,1.1768411379084567,1.180563575385714,1.179546593483662
2015-11-10,1.1849910399494696,1.1178553598078922,1.3554422413392517,1.2172272092751997,1.3558095721456622,1.1774642230042427,1.181780586961014,1.1828631313011728
2015-11-11,1.1851105612670596,1.1243039592795767,1.3687440863090807,1.2186325986088298,1.3688898992264948,1.1786881592663978,1.183438352044189,1.1776054349590146
2015-11-12,1.1679292311587055,1.1071269131019283,1.3567241279783167,1.204394208423067,1.3568957590680013,1.1619068590854358,1.1679456069194014,1.159411285207928
2015-11-13,1.1566620005345012,1.1008565621776019,1.3159349667993594,1.183830927069303,1.3160993343632532,1.151117117511799,1.1567373230961902,1.1483706870156627
2015-11-16,1.1746706600935553,1.1184296855402098,1.331741439268956,1.1970332693980195,1.3318433547176314,1.1686639869007436,1.174029390093719,1.1656458857734224
2015-11-17,1.1702520150980311,1.1129441403334908,1.3290091289625778,1.1992706654353995,1.3297699684442406,1.164029616873478,1.1713333800616248,1.1632480952439
2015-11-18,1.1883233452594675,1.1258963111608074,1.3642383102133608,1.2209142814175449,1.3646635147454593,1.1812387162816476,1.1873215675861326,1.1817836845345335
2015-11-19,1.1898116990648555,1.135675972930898,1.3626908228231724,1.2143536815302627,1.3631733640673278,1.183957460036125,1.1904356638753923,1.18055661210408
2015-11-20,1.191296451404853,1.130325500062861,1.3777268214592215,1.2249830495462015,1.3784422380693049,1.1851897769875144,1.191970456895991,1.1847912839537607
2015-11-23,1.1878841244554672,1.129768052814021,1.3864331059194552,1.2230697980280572,1.3873081815866202,1.1817844519308975,1.188795581437944,1.1854509872430319
2015-11-24,1.1911837700211023,1.133285976451685,1.3802558731772425,1.2243232790857466,1.3813360943581872,1.1843302619149632,1.1900816106284382,1.1881304070560474
2015-11-25,1.189775835165845,1.1322146737980567,1.385801671935474,1.2300712227241661,1.386942293792434,1.1831036953123866,1.189235986805714,1.189251020464297
2015-11-27,1.1892622405587736,1.1312107958608655,1.3866843290493631,1.2306090259986966,1.387832462679274,1.1828291091975456,1.1900972346429708,1.1901044907769167
2015-11-30,1.189246701983678,1.1263550209487165,1.37963000215491,1.2233846131176556,1.3807645743130814,1.1820690461377426,1.1873805590950992,1.1861004684924348
2015-12-01,1.202483335925533,1.1372281625576723,1.4054298597736525,1.2434468262579974,1.406846408745466,1.1948610443989616,1.1998309916812226,1.1976038672004372
2015-12-02,1.1867735100617998,1.1270054534440708,1.3981051524826722,1.2324956935317242,1.3994953099935856,1.1792102892381908,1.1850348208077763,1.1816996130571369
2015-12-03,1.1731400607249156,1.1191406101500354,1.3790221575478954,1.222432258344088,1.3805309775032062,1.1664771337809876,1.1714722098073977,1.163480042209404
2015-12-04,1.1983447946995505,1.14432170255164,1.4082788470034897,1.2584138322367788,1.4098666022077548,1.1916216494238143,1.1958106592424302,1.183277816247361
2015-12-07,1.1896149854450326,1.1479226911519005,1.3976005892806438,1.2476062501814869,1.3990821341507327,1.1852011959277011,1.1918629126763927,1.173404321671798
2015-12-08,1.1805003561370342,1.140385151825226,1.40955294712684,1.24469505459139,1.411163221143327,1.1766014623920853,1.1836349650670228,1.1651756709022978
2015-12-09,1.1746807220649411,1.133922328688462,1.3828107841605346,1.232834132552428,1.3843120919716072,1.1707474441196637,1.1770928206225952,1.1557867203791206
2015-12-10,1.175823982667249,1.1330976535586021,1.3845094202834476,1.2356359594696567,1.3860168626378768,1.1708969048123334,1.1770731903651608,1.157968851149437
2015-12-11,1.1595411550092745,1.123458506976539,1.3504625800391465,1.21800900446195,1.3519038514151716,1.1560569978061042,1.1632029501493244,1.1359189818053692
2015-12-14,1.16649918865985,1.132261366951476,1.3744865242020414,1.2222677181071602,1.3759237793296542,1.1628227838869276,1.170256989642779,1.1359686759550411
2015-12-15,1.1816602331789203,1.1453503116032349,1.3770097494639246,1.2345689131514974,1.3785751860098643,1.1775525955618984,1.1842983948282866,1.1489290778813648
2015-12-16,1.1998910437101054,1.1650907914493784,1.401603102155754,1.2548518687720265,1.403183965327552,1.196603719467628,1.2041835003561157,1.1649133924842847
2015-12-17,1.1822767990768301,1.1561231722933567,1.38712967603458,1.2385120416263002,1.38868057657224,1.180722726437774,1.1903582840385303,1.1457312395183223
2015-12-18,1.1608931048999,1.1367770744889034,1.3722652914656792,1.216569441477889,1.3737447006357277,1.1598738756271834,1.1689005986499317,1.1287421728336122
2015-12-21,1.168981741617725,1.1455540970841878,1.382602955089257,1.228314862343192,1.3841764725711687,1.1679362911004556,1.177593344943135,1.1372202765615067
2015-12-22,1.1797931904170593,1.1556637058313544,1.3830781887277757,1.2327919018820757,1.3846187434789075,1.1786131511734714,1.1883428910080014,1.148824453109504
2015-12-23,1.1960727277763685,1.166290577653496,1.3882741873170368,1.2432850662364459,1.3897683152755638,1.1940055699395853,1.202545701827912,1.1669767633533434
2015-12-24,1.1937145731560086,1.164330254161721,1.3878003753215662,1.2434871916061163,1.3893268435006534,1.1919049838959013,1.200244211874228,1.1659155898404054
2015-12-28,1.1904339581308874,1.1642162304034742,1.400100406118419,1.2459409111625521,1.4016860366893198,1.1892155643017754,1.1989884641396298,1.1626601090118744
2015-12-29,1.202563251299739,1.1711078179435506,1.4279840876201895,1.263071237400373,1.4296970433687095,1.2007564100031771,1.2103644692225757,1.173894631821815
2015-12-30,1.1940501824937242,1.1670874374153757,1.4190706284576258,1.2551045841806503,1.4207249753247824,1.1929875482451653,1.2032168953940476,1.1645553538653735
2015-12-31,1.1821187913976794,1.1543122945181308,1.397941364619678,1.2425487049116617,1.3995190976332352,1.1809313458641182,1.190409823328023,1.155601541265946
2016-01-04,1.1697776188402649,1.145568411067787,1.3349874757805622,1.2196933426119876,1.3366217201445503,1.1692387358550085,1.17871244142189,1.1402367257619075
2016-01-05,1.1729374530192935,1.1524640140547013,1.3378032278434968,1.2269382203279922,1.3394979473595061,1.173148037782571,1.183025603095686,1.1431345746322839
2016-01-06,1.1562148959711513,1.1425068734344668,1.3172506579369123,1.2143593022562336,1.3188114380261924,1.1581093114391072,1.1684116885391735,1.1239893545789186
2016-01-07,1.1295409084204655,1.1277516037923465,1.2655434564255168,1.1795536153848878,1.2670414138502373,1.1332816587874515,1.1442088501094236,1.0985814988744236
2016-01-08,1.1174195305322967,1.1215654258025411,1.2552418545932642,1.1644312299769588,1.2566766761706445,1.1216187394535198,1.1334807502347362,1.085633497204791
2016-01-11,1.1173351211011184,1.1271077644501266,1.2707652336697879,1.1692385682072337,1.272177851705488,1.1225511953510763,1.136209320607372,1.082163550267522
2016-01-12,1.1234189605504852,1.1297506298676103,1.2779480878920582,1.1803349343750833,1.2794106339862628,1.1278925644644962,1.1411843852638706,1.0882502493585378
2016-01-13,1.1029333874894574,1.1228896006261548,1.215075282661869,1.1480795621806918,1.2165371778054268,1.1091182768381975,1.1229745877974366,1.0598489253822472
2016-01-14,1.1179853941837765,1.1334129534728157,1.22236433899513,1.153984687104255,1.2237383596964089,1.1230335152649213,1.1359809247876305,1.0749235203237422
2016-01-15,1.0941608833554406,1.1235976396395684,1.168953978705877,1.1281587359518521,1.1702291693222344,1.1012647602448649,1.1146038602318076,1.0541946840541898
2016-01-19,1.096077087425737,1.1374489750994399,1.1779865438407056,1.140061848633624,1.1792729159798123,1.10573316219326,1.1224521658782722,1.0510312061539617
2016-01-20,1.079791406606664,1.1217437802328811,1.1763205070846616,1.1280458039780081,1.1776288764644998,1.0890717123294265,1.1052638469180889,1.0400872840519215
2016-01-21,1.0858579936645376,1.1287072007032868,1.1852917975232757,1.1384868623122217,1.1866240855181571,1.0952017570813717,1.1115998294226557,1.0480295258283452
2016-01-22,1.1064098444145007,1.1446114053597163,1.22398311992728,1.160281825015038,1.2253263930215903,1.1151060558038848,1.1311514984241098,1.0700497059306988
2016-01-25,1.0926220085127176,1.1434837634517165,1.2237726648229863,1.1557946332290623,1.225112537154699,1.1032425228611853,1.1200318348657272,1.0495522383114573
2016-01-26,1.1112595516000439,1.154928874401742,1.2342247038601808,1.168459913562148,1.2355807249194426,1.1211698553657274,1.1376801212962748,1.068866206508809
2016-01-27,1.103301801281033,1.1576055039180642,1.2046564232364216,1.1462644926879801,1.2060238365970106,1.114232218805758,1.1308423201005295,1.0598540334406883
2016-01-28,1.1188471198825092,1.165836181229206,1.2724505237575623,1.1659472388047907,1.2736542660935966,1.128753264323902,1.1442640051719126,1.060774037112865
2016-01-29,1.142751721050672,1.1816533275724954,1.2226917518283584,1.180964126968771,1.2241434431915805,1.1521401915868543,1.1681600587156211,1.0909400181904916
2016-02-01,1.1447061101901945,1.1865001278853526,1.2147615496001463,1.182350020596119,1.216271848222347,1.1555863716316783,1.1715782268447046,1.0917731498968357
2016-02-02,1.1218279829646258,1.1759733773034369,1.182400788010767,1.163719147457569,1.1840203329656618,1.135252383636633,1.1538186306769669,1.0680292848663029
2016-02-03,1.1322577178310715,1.1799426116513911,1.1558013231243613,1.1543897378737917,1.1571242214849058,1.1449858086816784,1.1604443834202782,1.0773771400672563
2016-02-04,1.1352320643952243,1.1745766646706755,1.1565605856845964,1.1464310668184616,1.157598686207667,1.1474944924819015,1.1610711461220122,1.082239126903997
2016-02-05,1.1186394613774835,1.1754480621861194,1.0922377280339215,1.1164557762281555,1.0932515851229196,1.1331979036962616,1.1465607485721039,1.0608667098673832
2016-02-08,1.1121465679862081,1.181638138986063,1.0713613494878411,1.104069783627146,1.0720621868297242,1.1278845117709493,1.141988103006787,1.036771977806423
2016-02-09,1.1092886394036698,1.1879978911568643,1.0717177811481522,1.105839104065853,1.072216252752495,1.1260928350692256,1.142364644189019,1.034684833533335
2016-02-10,1.1034783687227117,1.1788176019804653,1.0804120413436566,1.1066877015557635,1.0809555033165863,1.1204081901839642,1.1363763791987302,1.0362961486347537
2016-02-11,1.0892644057894694,1.1675943589698183,1.0878662777736623,1.1032791335709977,1.0885392419911983,1.1063446067405847,1.1221428941145042,1.0215902183730388
2016-02-12,1.1086670660171145,1.1797798011201932,1.0986039146909374,1.1176933169412626,1.099156176807793,1.1241700596234707,1.1386209973285843,1.0441033304902518
2016-02-16,1.1211401041116953,1.1864797760893038,1.1268532509290399,1.135158559889378,1.1276518276145826,1.1357750369445756,1.1509295937550534,1.0656235199479664
2016-02-17,1.1346320415746134,1.1878034752222035,1.1430714544160352,1.1488617740172853,1.1444086855833255,1.1472533620894378,1.160737159944579,1.085376951002432
2016-02-18,1.1348833506986387,1.194822918499398,1.1514855037670484,1.154108718407076,1.1531031766739623,1.148788527149073,1.1626632700410977,1.081417957022449
2016-02-19,1.1318910565280178,1.1916079758539313,1.1617178264755867,1.1575343937531277,1.1636263022577762,1.1457298041294053,1.1601966835639117,1.0809802286272776
2016-02-22,1.1493644784834078,1.201007723243502,1.1967533322812054,1.1749461579778548,1.198831497706272,1.1618230923184327,1.1748133205940419,1.1005654886855643
2016-02-23,1.1356376648337065,1.1962321088409362,1.1886955623158773,1.167375078082888,1.1906431149027736,1.150101582872581,1.1638132495051516,1.0871524422315573
2016-02-24,1.1395629502771116,1.2005771249159733,1.1923815396817605,1.1727094378641314,1.1944185691778395,1.153857258942717,1.1676922339917184,1.093575008472545
2016-02-25,1.1496412269853837,1.2104211773554996,1.1987717841914605,1.1818912858626762,1.2007821267330456,1.1641624609929524,1.1778514193845016,1.1062890931126212
2016-02-26,1.144576331328804,1.1901642313539036,1.1923281447340082,1.1710409262507333,1.194434148586182,1.156761497370625,1.1688722118162551,1.108229552449385
2016-02-29,1.138634763220013,1.1861992663738292,1.187094316148019,1.1628870999054826,1.1889529411971758,1.1513409207261922,1.1632663072581197,1.1004792969603763
2016-03-01,1.1616237978506225,1.1941944371802742,1.234858860605192,1.1829689296175716,1.2367225153000043,1.171391710675301,1.1814789713640654,1.1269277707953513
2016-03-02,1.1685545243964757,1.2004614264125555,1.2378088570978591,1.188193556605895,1.2396639417345208,1.177575364539073,1.1860680374422297,1.1347605992559036
2016-03-03,1.1742241851539919,1.204796177454023,1.2278598169054542,1.1858801831976558,1.2297127544298423,1.1826799702394957,1.1901712000695015,1.1437931413787206
2016-03-04,1.1800075093990874,1.2079213490878034,1.2248413016612012,1.1848461393728753,1.2266545102443802,1.1880382759407195,1.1956343690545514,1.148406491521297
2016-03-07,1.1827879661259622,1.2077119349229213,1.208967609182946,1.178626543816854,1.2106798325689532,1.1907910995107633,1.1986179268261556,1.152554038751968
2016-03-08,1.1707530217650164,1.2125332440811027,1.2002838426125957,1.179734349829912,1.2019940271457423,1.1819141235948043,1.1928165360350373,1.1344937269115876
2016-03-09,1.177874726136431,1.2210473325782518,1.2025702092698878,1.1867611200102368,1.2044479715181047,1.1886522212277058,1.1993654327315708,1.14068834766686
2016-03-10,1.180635081504154,1.2283791317509545,1.2028810399640535,1.1911487928365563,1.2049191026162032,1.1916415080178062,1.2013803770429747,1.1417463392083722
2016-03-11,1.1962756348655712,1.2317120297167463,1.2235735463235535,1.202763130332446,1.225593201404177,1.2055549178044227,1.2142759033428658,1.1652515343539307
2016-03-14,1.1937852387851282,1.231344935849253,1.2305331817027851,1.2052909642416998,1.2325283062287629,1.2032052402085507,1.212405164574322,1.1630288935384263
2016-03-15,1.1949253498506682,1.2320304812341116,1.2323191043090294,1.2097296104627997,1.2342863135986364,1.2045599117269357,1.2136795720259728,1.1570472561408582
2016-03-16,1.2040190237805584,1.2317673921728407,1.2445512788053947,1.223126021557683,1.246664046727368,1.2128695605615172,1.2202936512514837,1.1675539559726993
2016-03-17,1.2154595615012591,1.2443290400029206,1.2272292754281642,1.2221984452539267,1.229529927171329,1.2243765933004251,1.2328775276564303,1.1781185901386808
2016-03-18,1.221537943010784,1.2399237231189884,1.2357315781652847,1.2224672195262665,1.2380135152821952,1.2291331663552323,1.2365856836395641,1.184502387528456
2016-03-21,1.2210733264403413,1.243924235393657,1.2392355774179526,1.2240955230075383,1.2416012156042364,1.2288498980116782,1.2364432516839874,1.1842218729979086
2016-03-22,1.2174713190981996,1.240037627730043,1.2437819686154528,1.2222198071138135,1.246030772321416,1.225209954433337,1.2328662420761303,1.1833366963135326
2016-03-23,1.2102093197759847,1.2402575945196785,1.259857606459605,1.2202699822035055,1.2618194867890349,1.2194313887737662,1.2300501161050197,1.1717549521022057
2016-03-24,1.2124365971083912,1.2445548747170763,1.2706390009360875,1.2260312544700982,1.272463524510959,1.2216445733645442,1.2318172873201252,1.1707051032165978
2016-03-28,1.210874677718447,1.2448439939311347,1.272546835558178,1.2252736593985885,1.27438322935377,1.2202376385444178,1.2303283094251263,1.1728975302626543
2016-03-29,1.2239892353191615,1.2597714483449605,1.2955535883306522,1.2453538863831277,1.297450456229323,1.2338097857667771,1.2431877098778612,1.1846754968105722
2016-03-30,1.2281762276629795,1.260597908849635,1.3079649812859018,1.250240700903386,1.309774509650174,1.2373941686897898,1.2464781366938344,1.1883530044553368
2016-03-31,1.224461459206665,1.257893481536671,1.3008077503513007,1.2477836688815733,1.3025895544945953,1.2339804686396751,1.2430613575887453,1.1889957507153397
2016-04-01,1.2311854063345369,1.2641803958950544,1.3101564012814135,1.2549256607677912,1.311990905803306,1.2410368333021269,1.2503704667871693,1.194860679005809
2016-04-04,1.2269684791625783,1.266838942713314,1.3034573414184825,1.251411963001923,1.3052516796089042,1.2379632111466474,1.2488891312716641,1.1879942561794512
2016-04-05,1.2202121521390203,1.2596927774345101,1.2989386483159153,1.2453145126968366,1.300920076843804,1.2311438298257196,1.2414151465314824,1.1752410700494695
2016-04-06,1.2304393718552058,1.2624076148679408,1.307330011363328,1.2521273465869962,1.3094531350428802,1.239827157934786,1.2487501303394877,1.1878133715804489
2016-04-07,1.2184423748958726,1.259367478120872,1.3009140500133896,1.2464926928787832,1.3028254190424333,1.229348035969322,1.2392240932802143,1.1727353931715945
2016-04-08,1.2248179783812538,1.2632518621842979,1.308895403624694,1.2546581597008954,1.3108867139194356,1.2353082674901161,1.243872264814878,1.1779733610950953
2016-04-11,1.2259565683595457,1.255584880121283,1.3174992606272018,1.2611297938583528,1.3197106322745988,1.2355097287679007,1.2405928496640801,1.175912746806436
2016-04-12,1.2374933011146498,1.2617285615547023,1.320979090739409,1.2654090452188063,1.3232092479262092,1.2455141544975996,1.2499908952343233,1.188021900451601
2016-04-13,1.2452460700544479,1.2524107984192097,1.3281654546050239,1.2628935749017036,1.3304969525700927,1.2498946965650324,1.252759532455489,1.2026602838291625
2016-04-14,1.247097876427563,1.2517125392846458,1.3309742596933183,1.26197879707578,1.3332628020960138,1.250697418746574,1.253323653407001,1.1998156780678921
2016-04-15,1.246804795622107,1.2562214842817492,1.3408443770855198,1.2717348550297691,1.3432079764140914,1.251749384934492,1.2548194938976114,1.200497447384352
2016-04-18,1.254036880303646,1.261341753283288,1.3476638565114114,1.2795119575369962,1.3500534972908955,1.2584482285636946,1.2610018687210793,1.2084914041189996
2016-04-19,1.2638189825348254,1.2705315767446466,1.3431475946429636,1.282468990730415,1.3455064126899656,1.2673908357322925,1.2678260813702826,1.2131635484451908
2016-04-20,1.2613025013718004,1.2419713342699588,1.3395128897220232,1.2675408561941575,1.342091706228686,1.2613175164631893,1.258648454814527,1.2139000082566245
2016-04-21,1.2539735135128152,1.225113435199088,1.3352884000901077,1.2638857734427533,1.3382758745028458,1.2522622701093769,1.2465257700713728,1.2063869509089034
2016-04-22,1.2548818715492007,1.2362725124417502,1.3239150384365788,1.2478293971775314,1.3262261589009994,1.2544331297775004,1.2513739394627748,1.2123403206018033
2016-04-25,1.2523042886377895,1.2391181593916212,1.3320432916705662,1.2533464968186314,1.334335646876872,1.253173502658836,1.2511029024819094,1.207744453496119
2016-04-26,1.2548868148580414,1.2342464873830206,1.3301067822086656,1.2516973638863136,1.332236390150524,1.2546687995195305,1.2507790026479257,1.215031625213234
2016-04-27,1.25896167803584,1.241385400299575,1.3376078783692527,1.256806276790363,1.339717276738662,1.2596009404549815,1.256793869918042,1.2211609974475677
2016-04-28,1.2492339600442681,1.2422229437300607,1.3272393443645247,1.250626772497129,1.3290764176418084,1.2518949202677516,1.249545049666815,1.2068559263101937
2016-04-29,1.2520453959807092,1.2459048088058453,1.3545978412410289,1.2712175997849116,1.3566892707954599,1.2550379951759272,1.2507231323947767,1.1984729148595783
2016-05-02,1.2605034554840906,1.2525928262810468,1.3733533410622902,1.2823149386136883,1.3755241444455897,1.2633189113111396,1.2594004214509182,1.2083443672111904
2016-05-03,1.2500937158941452,1.253236378185088,1.3624042185665148,1.2744686181804121,1.3642257220277498,1.255272373945494,1.2533457415520834,1.195531032130977
2016-05-04,1.243957183753564,1.2570970009983,1.353181139759155,1.2712173815378893,1.3545391773907405,1.2519172226256157,1.2528021167750751,1.1876820550930458
2016-05-05,1.2431065866475257,1.253282723479535,1.3507205611615947,1.2690621171798855,1.3519693232753864,1.2509518583134551,1.2515892663922572,1.1878348086926138
2016-05-06,1.249287180120628,1.2513246989130227,1.3717229980392742,1.2794531121074812,1.3730647087777623,1.2562955129139248,1.255399430516553,1.1914276621537072
2016-05-09,1.2438100623143986,1.2523682878523879,1.364334835076354,1.2748305410361689,1.3655318530680844,1.2522905263795192,1.254174272708463,1.1920356219545305
2016-05-10,1.2602910441336106,1.2634497605834156,1.3905250807959983,1.2939784379631687,1.392211784204931,1.2673430815619469,1.2675507044893184,1.2065737175731401
2016-05-11,1.251601035094149,1.258241999561045,1.3911174704596705,1.2899099091437485,1.393601794405201,1.2584443492542905,1.257380321130014,1.1941478610228329
2016-05-12,1.2521120606667142,1.2617939122658897,1.391380395414315,1.2888185646557788,1.3936439465358783,1.259721456272563,1.2598042725836192,1.1927434482216295
2016-05-13,1.2463482263141736,1.2524211958060807,1.4280875930101424,1.3036076566429151,1.4319439774504406,1.2527294416123513,1.2515078287883001,1.1827778459879024
2016-05-16,1.2597481010651126,1.2587837702309295,1.448055552488912,1.3197246181166205,1.4522161049269224,1.2649954125895924,1.2620961541143079,1.1941360699631884
2016-05-17,1.2475658253224189,1.243505913362494,1.4328614239224122,1.3042807165964894,1.437140784826086,1.2517771766621413,1.2478112034906588,1.1853845193225065
2016-05-18,1.2444442065814096,1.2291475483486196,1.4252899370996606,1.2940139757243325,1.4299053870483627,1.2450635092984665,1.2402286337682285,1.1838883951156611
2016-05-19,1.240089049904512,1.231759008582029,1.427098728566444,1.2964299309358884,1.432064012640704,1.2420997543372514,1.2376648517856592,1.179484074350427
2016-05-20,1.2424390694342229,1.2294915109816351,1.4235598821143878,1.2983485934038812,1.4294305709482615,1.2435660285142165,1.2385787698289865,1.189125000163291
2016-05-23,1.2401008659323605,1.2246828389530993,1.421427766331362,1.2932584565389413,1.427080300044687,1.2406075530467275,1.2351689703698994,1.1873660959820442
2016-05-24,1.2515849162020356,1.2330655969166584,1.4283331283911749,1.30198504476857,1.4340543407282689,1.251502769094691,1.2471554746043438,1.20395506789206
2016-05-25,1.2612378482862576,1.2369449279183524,1.428741902955334,1.3048492622466636,1.4346221716650083,1.259363061266198,1.253462844565071,1.2120187148332562
2016-05-26,1.2624990363433664,1.2441506066537031,1.4386638328273855,1.3122476944281574,1.444702022455508,1.2618877788055602,1.2568453283307146,1.2109005310067842
2016-05-27,1.2653549392178451,1.246072081154867,1.434837314965924,1.3132825788452034,1.4409823889763314,1.2644910545849526,1.2597406177969832,1.2175991502361556
2016-05-31,1.2650508332414556,1.2471422480426853,1.444263088125312,1.3181120416706165,1.4510928050237204,1.264349209687261,1.2587533819650887,1.2185888594286074
2016-06-01,1.2663845240151197,1.2460351845421898,1.4434936795412876,1.3170931297082022,1.4503730128908445,1.2657762652980333,1.2595065156154392,1.2208160788448414
2016-06-02,1.2685744699731858,1.249366057255087,1.450846010969694,1.3183272518996427,1.4576802055577818,1.267704731567691,1.2623600663112131,1.2260602029939185
2016-06-03,1.2727192433252543,1.2610771309869329,1.452752785368736,1.332434778010612,1.459746276856728,1.2744118275278744,1.268125364146372,1.2216590046935574
2016-06-06,1.2794706982581796,1.2661917388738744,1.4509265513459328,1.3306217144830594,1.4579691118725486,1.2799320324035806,1.2728830807009643,1.2287447701636673
2016-06-07,1.282809719203403,1.2680161880440188,1.4483936117109968,1.3298256773140937,1.4553401175571463,1.2823493351288078,1.2753488322840547,1.232736108223602
2016-06-08,1.2895747104004807,1.2741629506776502,1.4509873532660744,1.3368434656080206,1.4581042043856751,1.2896053903721532,1.282292056405638,1.237273001851918
2016-06-09,1.2922070447590464,1.282714067927671,1.4712893449734548,1.3473553120163144,1.4784355740107213,1.2938193315228255,1.2875425605276147,1.234342201958745
2016-06-10,1.2832786361232371,1.2867918938284915,1.4495225265116702,1.3407191179437996,1.456557714775611,1.287490837246261,1.2834249405027023,1.2188603582332627
2016-06-13,1.2770452370755605,1.2771557983089679,1.456255321452351,1.3398820447097923,1.4633351519856017,1.2816809793487245,1.2776579123860035,1.2081014590556018
2016-06-14,1.2748258149235732,1.2806231835825508,1.4584178974552626,1.3383337106961555,1.4654961046008255,1.2808331932868373,1.2781965992842788,1.2039136916329616
2016-06-15,1.2723076449952486,1.2760763492891274,1.4633248835133914,1.3405847629472085,1.4704423832984308,1.278035821740751,1.2745732011506767,1.2044427081450797
2016-06-16,1.2761524835194524,1.2809767216102357,1.4668506674556188,1.3415121780558963,1.4740142080534082,1.2826320258716148,1.2803482902113257,1.2060205214018505
2016-06-17,1.2726717840572972,1.2763355544648611,1.449288205815748,1.333265979679618,1.4564596142423216,1.279084989973263,1.276274441497717,1.2071627544356904
2016-06-20,1.2785850950889743,1.2792844261326537,1.4644453156002637,1.3375314762824475,1.4716119272138972,1.2835516566024274,1.2807850151177271,1.216560903312659
2016-06-21,1.281768916640083,1.282000447855262,1.459284979678275,1.3354572998431389,1.466400229499323,1.2864099472112656,1.2841283349511448,1.2189874078139107
2016-06-22,1.2794385222570168,1.2820523355816584,1.4559622625377626,1.3359729115422483,1.4629502213776833,1.2844577599348745,1.2818225784312154,1.2170578102589964
2016-06-23,1.2954600262290659,1.2913303552187705,1.4797868308286912,1.3460635383542412,1.486727199100889,1.2982207566836825,1.2944695743049244,1.235187940497366
2016-06-24,1.2594959710877618,1.2773512273849488,1.4332644814151743,1.329069801445393,1.4401930164243404,1.2680991701573598,1.2661619865887068,1.1850638732853238
2016-06-27,1.246785439886752,1.2867340829712814,1.424247594389779,1.3320985979125404,1.4312235898734362,1.2605045172733114,1.2613615186191431,1.1545608634268558
2016-06-28,1.264808663548158,1.295403136826337,1.4442057702067845,1.3445751826755066,1.4513003505045006,1.276488792256714,1.2764739451342768,1.1774363575712272
2016-06-29,1.2831869051242095,1.3052414881699115,1.4609788262504997,1.353690317486289,1.468083278389043,1.2923819227524718,1.2907135932198908,1.200325611806068
2016-06-30,1.301578396154719,1.3290459999900996,1.4753306166530817,1.3745108252170786,1.4824344788079156,1.3120257768651071,1.3103967795683935,1.2191712355578972
2016-07-01,1.3031430395187056,1.3331095560355306,1.4793367044102514,1.380346216156871,1.4866916405798956,1.3142460293973879,1.3121150531224204,1.2224526711645116
2016-07-05,1.2986764840332001,1.339096128910766,1.4919703374740403,1.3892125069658825,1.4993608564475776,1.3132905595590412,1.313983954458177,1.2082900842234052
2016-07-06,1.303690076139896,1.339867004831574,1.5038867000140494,1.3946419781489992,1.511533000749434,1.317358892487489,1.3166169189722643,1.2153560292185903
2016-07-07,1.3003588091963523,1.3272065309105403,1.5028120407096095,1.385978566535361,1.5108002482318257,1.3118906005356863,1.3102814383990502,1.2158259574949477
2016-07-08,1.3199936969506438,1.3371434141328715,1.5320236013177877,1.4027385157336143,1.5402839267497037,1.3298908847745423,1.3273704295105375,1.238305561209594
2016-07-11,1.3265452089365188,1.3358016155036672,1.5431398495922186,1.4087993340796203,1.5516653136113405,1.3351013297276897,1.3317787794090648,1.243454962794386
2016-07-12,1.3321741114763188,1.3288999901421028,1.5328044891593455,1.3996814982098456,1.5414668946594143,1.336736356875509,1.3315072222493562,1.2569697077975188
2016-07-13,1.3352750666796254,1.3338474961869182,1.538700311245372,1.4067544861053496,1.5473599842453754,1.3412212081894033,1.3363597837617591,1.256487529713493
2016-07-14,1.3431319701698698,1.3401306336210745,1.5469124502566518,1.4119304660632068,1.5558036905149069,1.3479228770616059,1.3418526139645774,1.2620645281965208
2016-07-15,1.3422840945711054,1.3401692091729362,1.5386667122817839,1.4088315553447792,1.5473481542364262,1.3473059315126041,1.3414382202032569,1.2607331583696466
2016-07-18,1.3455213172953346,1.3404488257196898,1.5445429748882167,1.4130944622342025,1.5532582694197292,1.3501199124677317,1.3437211651183412,1.2633535733394634
2016-07-19,1.3475830733673644,1.3446357426331432,1.5495642397868485,1.420243207936221,1.558379611885234,1.352761838158258,1.347405726821231,1.2601767592666873
2016-07-20,1.3485555916796388,1.3402220700745298,1.5446038772832729,1.4134259776476965,1.5533805321704168,1.3517488762956882,1.3469027513898988,1.2660193024735358
2016-07-21,1.3430829042892256,1.3423174833392357,1.545912667574699,1.4187032435875353,1.5545875055283238,1.348621187861138,1.3437634267981362,1.2617861373151855
2016-07-22,1.3518242235349585,1.3535092419060264,1.5706732622147033,1.4341437935027088,1.579540984986396,1.3582192027390596,1.353659162646835,1.2697646412707035
2016-07-25,1.3455315150879623,1.3491199577351585,1.5724482640477582,1.4296728790381663,1.5813075941327643,1.3522815893554159,1.3489466001418062,1.2673428160690408
2016-07-26,1.3468141644867775,1.3408806418880974,1.5817725538943483,1.4248293225215265,1.5909607878280445,1.3509623172253322,1.344935889311186,1.272660002763789
2016-07-27,1.3451575518510293,1.3296020897603862,1.574469708362336,1.4198361084516042,1.5838484629556462,1.347759987318204,1.3394263717392547,1.266289300556936
2016-07-28,1.3467484990825789,1.32857707515987,1.5817729301093462,1.425098999926951,1.5913353426243857,1.3494725511623227,1.3411882009788603,1.26996929849162
2016-07-29,1.3532591754573924,1.3379032986086277,1.6023365865213368,1.4404184644190683,1.6121936608690977,1.3566605272835657,1.3477990680892566,1.271744027184095
2016-08-01,1.350401316442114,1.3388480852558906,1.6000777698096136,1.441216358187682,1.6100141163406956,1.3553216160446961,1.347971848024827,1.2669880795407986
2016-08-02,1.3442979941997328,1.3342588388812713,1.6044954907488675,1.4377675181168095,1.6144716962972085,1.3496255707493772,1.340295536890052,1.2548650264054146
2016-08-03,1.3449688110462987,1.3273922405684844,1.595740256932229,1.4314292747592003,1.6057897374277952,1.3482006499527002,1.3371857394963556,1.2622128730087816
2016-08-04,1.3454183363338275,1.3260411954598719,1.6100383063552512,1.4332813517142748,1.619794940812802,1.348343117784286,1.3368008042300255,1.2615467571405374
2016-08-05,1.3533107420774577,1.3251085573954133,1.6159041809269086,1.432898282685527,1.6258255361850924,1.3531360199548224,1.3401738354623143,1.273190053745757
2016-08-08,1.3548451568943842,1.3205821014723382,1.6255620304067302,1.4327802011836261,1.635531902207451,1.3534856596906748,1.3388075953369514,1.2726241079148537
2016-08-09,1.3558851353691457,1.322911239878357,1.6320373248521847,1.4356229248474435,1.6420246607770612,1.3548193311984535,1.3401278342167346,1.2712293325375568
2016-08-10,1.3510810539887614,1.325139018529672,1.632777989585418,1.4368337552409574,1.6427547077742386,1.351708718167913,1.3381049214479035,1.267911635998193
2016-08-11,1.3555942978029478,1.3256261729287548,1.6441865045421893,1.4389551202397632,1.654503588051997,1.3548789594002024,1.340841218210064,1.2765009720394274
2016-08-12,1.3577322096006346,1.3249034990981357,1.6864310195466001,1.445627973987208,1.6968745969299632,1.3562101969577915,1.3415325882154252,1.275286157108351
2016-08-15,1.3590134343929423,1.317804727273154,1.67754341805862,1.4350478008212122,1.6882623258163734,1.354882069149501,1.3391311822615615,1.2813178342551048
2016-08-16,1.352538137221578,1.2993239223282098,1.6626947226813187,1.4184669316048915,1.6732853480806795,1.3462076886488608,1.3292434692103328,1.2729483766170628
2016-08-17,1.3562032655409038,1.3055136885587144,1.6437889894860298,1.4203463951522666,1.6543147101654057,1.3510914536750218,1.3353533807617308,1.2743932415241561
2016-08-18,1.3597727438824987,1.3061062540314694,1.6655429219845297,1.4258713494019735,1.6757609534747777,1.3548244392288673,1.3383224116508086,1.2807217031238862
2016-08-19,1.3542929609277625,1.298298758151929,1.6621326314510758,1.4148082787344904,1.6720675738642787,1.3483172161545196,1.33131015637093,1.2810028001434812
2016-08-22,1.3521934757157021,1.2943879640907425,1.657977703340854,1.4127985533694476,1.6677923987434653,1.3463446776482697,1.329738914298537,1.280705996220548
2016-08-23,1.3541860973330937,1.2945032884374885,1.6601870031274475,1.4118433189657404,1.6700748019047604,1.3474382230262527,1.3307427280218178,1.2849679398704532
2016-08-24,1.3469825592338187,1.2903109732523228,1.6154971383260408,1.396273520241828,1.6247856416590871,1.340374137743628,1.3257884391832344,1.2764135114112034
2016-08-25,1.3468455364354122,1.2907799177458184,1.6136982154546806,1.3977017514387189,1.6231203827194514,1.3405887548737359,1.3258175058216735,1.2760382916663104
2016-08-26,1.3413883987584243,1.2813938211400824,1.6145795184997813,1.3897946080059738,1.6240757498789666,1.3331304516505784,1.317338658645929,1.2727088797860948
2016-08-29,1.3499120551867358,1.2903609290758271,1.6254725776854526,1.400113462104269,1.6351674039781223,1.3420212502097542,1.3259085082669322,1.2801193546764595
2016-08-30,1.3440048117647776,1.2824041600868579,1.5958043144954743,1.38666388327678,1.6051738639482187,1.3346934759359668,1.3191387162211026,1.2775203176471537
2016-08-31,1.3401544773745804,1.284471873315421,1.5909331167855314,1.3852146566377046,1.5998710362982915,1.332016255622513,1.3171444774800982,1.2731009150952937
2016-09-01,1.3421634019981517,1.2843223816947777,1.6143537506177703,1.39420147933354,1.6237392784488698,1.3342212143977217,1.318196338840457,1.2723041930578463
2016-09-02,1.349824524438533,1.2914274844292006,1.6224106606523891,1.4025191042923397,1.631746177473687,1.3426244998885875,1.325604209381592,1.2792762971586031
2016-09-06,1.3594403296448474,1.2971652430905536,1.6464633149238137,1.4191594903102538,1.6562145231191832,1.352611511173214,1.334457742109222,1.2804932438875463
2016-09-07,1.3583845432098671,1.2959611096328387,1.6378024735128502,1.4144885737645236,1.6472721995556185,1.3510725190032722,1.3323981051392597,1.283090682002666
2016-09-08,1.3586662545903336,1.2942039362499516,1.6402185206584152,1.4130527820332484,1.6494254893392255,1.3501427258846495,1.3306355198182278,1.2795736880765454
2016-09-09,1.3209850163765593,1.2609902732763545,1.5722098267497644,1.3705096533969554,1.5812935779793231,1.3121206929153262,1.2949564595202798,1.2448985645488277
2016-09-12,1.3399519397423902,1.2839085211430061,1.6052071756858828,1.3960233948340957,1.6144219811734906,1.3321291922179885,1.3145340661488436,1.264135523095416
2016-09-13,1.3180836018856699,1.2650582449019354,1.5772385560749747,1.3736563151774441,1.586226981075632,1.3109750453596403,1.294384582557445,1.2426878762103446
2016-09-14,1.3176967964344188,1.26657671003097,1.5804862925304246,1.3746634624332834,1.589450698650423,1.311299894716541,1.2954879731553335,1.2404841195205731
2016-09-15,1.3306074832031172,1.2768945901709636,1.6105641314340442,1.3916488520115322,1.619903175047744,1.3234566898641364,1.3065239941227131,1.2525904975980349
2016-09-16,1.3273985913504338,1.2763419068170219,1.6107488380540083,1.3920965485210641,1.619649484726066,1.3213206821205155,1.3046259699361429,1.247398474600835
2016-09-19,1.3278794043848896,1.2763251626937595,1.6225603769917873,1.3956549443415154,1.6313625986813576,1.3224527016792411,1.305438110245203,1.2504081311597584
2016-09-20,1.3276244766166891,1.2762903524859952,1.6149411817805952,1.3953527100874785,1.6240963979945806,1.322442775935304,1.3065711430284446,1.2481881902756342
2016-09-21,1.3467954747836672,1.2934418727243973,1.6636757395411537,1.4221804178960828,1.6726235982440087,1.3417655373468147,1.322470633444117,1.264709054611551
2016-09-22,1.3554741000771748,1.302154005469064,1.6703312219590007,1.4314510223160628,1.6793619553085744,1.3502668286960557,1.3312033258125093,1.2744953009051028
2016-09-23,1.3476817435717745,1.2989343894946723,1.6609364313722332,1.423003565774223,1.6692551861604137,1.3434889300116766,1.326024686276382,1.2675883677659683
2016-09-26,1.3375572816007155,1.2902204434415954,1.6491112270235535,1.4154794555022476,1.6574479701706126,1.334042906098412,1.3170990461928853,1.258317893858535
2016-09-27,1.3449460147300296,1.2949052278973536,1.6671958921688657,1.4245651662162773,1.6761737469705202,1.3402233585486572,1.3239877170333374,1.2645128755989388
2016-09-28,1.3553772338358174,1.2917014957474469,1.6745425137654015,1.426805834995917,1.6839645848516556,1.3467485415601224,1.3269753771875603,1.2731412785772613
2016-09-29,1.3470693900559572,1.2790918266501592,1.6709828695270277,1.4150648993875394,1.6800724444555182,1.3369725122204021,1.3162128067953043,1.2614252298816553
2016-09-30,1.3561579307785585,1.2808399486904283,1.6788118877189362,1.4211601103850042,1.6887460362833397,1.3438548398832462,1.3223375998983493,1.2720110764533563
2016-10-03,1.3462199124762144,1.2733241836734468,1.662637547450942,1.4106855540912226,1.6724433826287277,1.3333229657716283,1.3124425088140501,1.2669125952609206
2016-10-04,1.3333230233677966,1.259324487527057,1.6197733289573664,1.3857545599618608,1.6294353764148142,1.3189775276562599,1.3008793305994122,1.2591704054729533
2016-10-05,1.3374352277381512,1.2549508965423708,1.6242197090023656,1.386457259644941,1.633999960718,1.3201212984632082,1.3002928693207199,1.2651210156603756
2016-10-06,1.338445389003683,1.254523208040766,1.6090029561930288,1.3804080439813198,1.6189054885433383,1.3205139767982101,1.301277778329108,1.2657831102755581
2016-10-07,1.3368102165286428,1.2513235136806777,1.6122887664504852,1.3825817291680815,1.6211886539285458,1.319211203321539,1.2999726403860532,1.259168232708878
2016-10-10,1.3442400154411793,1.2574298304862712,1.6195889808636816,1.388539041479184,1.6282203435935425,1.326340672499434,1.3066945913710106,1.2650671751823803
2016-10-11,1.329992888780321,1.2456385397975165,1.6002818085012245,1.3734140003775837,1.6090918503657285,1.3127060734287275,1.29347851120428,1.2466355190910818
2016-10-12,1.3352193110487638,1.2530787914352772,1.6156388226360614,1.3832730996078448,1.62424199642486,1.3191859213627217,1.2998013111945976,1.2488993364402743
2016-10-13,1.3319651619093458,1.2564834723987404,1.611870598126635,1.3843839092180903,1.6202134862475737,1.318462871715935,1.2999552601151045,1.2449883923149312
2016-10-14,1.3323005364184033,1.2529687790308588,1.6088248867733694,1.3794243229264125,1.6172679006996356,1.3174925376763715,1.2989622327997952,1.244291209247654
2016-10-17,1.33047889637462,1.2532279579503116,1.6089892402445418,1.3793115970637893,1.6174110588444137,1.3163510273295036,1.297112295191853,1.2403474632810132
2016-10-18,1.3398728770822281,1.2554813821513113,1.63298916086769,1.3930518804477323,1.6413106685750656,1.32542828150772,1.30407927303375,1.2493497692006834
2016-10-19,1.3410912250658806,1.2506050698933002,1.636321682807757,1.391636339362201,1.6442998473623716,1.3253635814212685,1.3019291113932616,1.2545468568683962
2016-10-20,1.3346268498321787,1.2458988912129396,1.6444658091479127,1.3886469270275756,1.6524678772603199,1.319096532476893,1.2955786442876125,1.2527755934934843
2016-10-21,1.3333396571450646,1.237750317665075,1.6383968319838573,1.3821343760141112,1.6462379853544746,1.316621316920988,1.2930649932203528,1.2510448481251406
2016-10-24,1.3409014395545016,1.2383695646483959,1.672050201704585,1.3882422504482923,1.6797889631107785,1.3228768280785768,1.2980405927969776,1.2556097881701047
2016-10-25,1.340618506984334,1.2388697865769234,1.692097270627773,1.3964152345468879,1.7003059312777034,1.323118352602671,1.2975579290068504,1.2472288079339156
2016-10-26,1.3378046229769314,1.236479381416226,1.6888308455657661,1.3924063042969677,1.69691695875227,1.319695135095837,1.2948969810848783,1.2456131200420253
2016-10-27,1.3329829570305338,1.2352160851360843,1.6583366504192059,1.3811627412149194,1.666298054294927,1.3143667864998505,1.2909691723599306,1.2379404872195876
2016-10-28,1.331679644206615,1.2332586793027782,1.649640881305188,1.3753383421146164,1.6575397059528656,1.3127552412539274,1.2894588184771956,1.2382309176544868
2016-10-31,1.3351789881163254,1.2408699940239203,1.6813916821915063,1.3926945588711999,1.6891352199303544,1.3182852929700999,1.2938608368137439,1.2412274805886032
2016-11-01,1.3258493264005806,1.228593034908636,1.6552906695523755,1.3795777077711422,1.6629891978189968,1.3078226331763272,1.2817358360734643,1.2295231518416874
2016-11-02,1.3163001083807429,1.2236569548027396,1.6356160248986797,1.3660636965614599,1.6437646633137006,1.298581762489442,1.273566807828627,1.2206327542771935
2016-11-03,1.3134127555453636,1.2209089354870655,1.6321576154426163,1.3670550368358234,1.640482253542737,1.2958447984420123,1.2693982080811805,1.217453709671296
2016-11-04,1.3086438245482457,1.2170489452162692,1.624561016429007,1.3590987966423453,1.6328090285111732,1.2911623762334639,1.2651094221101795,1.2178024061920691
2016-11-07,1.3350734417374341,1.2322430596149159,1.6635553077757204,1.38292273811037,1.671875353541549,1.314950042903801,1.288110872615721,1.24428460709321
2016-11-08,1.3398762782000744,1.2368778530366087,1.6611933437813584,1.3872278387057266,1.6693442811223496,1.3199983300110067,1.2934729857988532,1.2487835767662416
2016-11-09,1.3489640835232162,1.2494503670521233,1.6234902108605267,1.372588980940887,1.6337609399613089,1.3242154638197259,1.2969800040275599,1.2638522515134565
2016-11-10,1.3430844036610368,1.2394270276731838,1.567702753036713,1.3403661185120757,1.5770216794135,1.314631685680974,1.2899989559274183,1.270238505961089
2016-11-11,1.3486453152789755,1.2299356604363247,1.76116512511757,1.3653385538609921,1.7719824868227239,1.316210019877935,1.2896640133621096,1.2701253481620753
2016-11-14,1.3500447278570225,1.2280209779107274,1.7230453335588212,1.357749940608804,1.7329865513254592,1.3163163636399255,1.289246314527205,1.278753392331754
2016-11-15,1.3626646180597681,1.2335685280701476,1.7664485561488894,1.3799829889218074,1.7774257492005188,1.3281704191976353,1.297711275186385,1.2878416840770437
2016-11-16,1.3610223384437472,1.235336618142953,1.8231105998176313,1.3863580496637744,1.8349292588928674,1.3270374221089172,1.297216314975328,1.2838957890039686
2016-11-17,1.3621992336209094,1.2324077508656293,1.8250762889405305,1.3835568066513355,1.8356923457336025,1.3272018320747618,1.2975345756278456,1.291170047265777
2016-11-18,1.361654255123556,1.2275034522966848,1.8331035162100862,1.3794849604056503,1.8437862388471369,1.3252665864560558,1.2944317223071737,1.2876021203474979
2016-11-21,1.372043046081038,1.2314145364240874,1.8347006004435495,1.3888480288416691,1.8458640238146606,1.3343962403075935,1.301677473770361,1.2975409045783466
2016-11-22,1.3782933422772918,1.230853843945302,1.841596361578592,1.3920415808260784,1.8531835457108585,1.339905979821784,1.3066282700585976,1.301504113010362
2016-11-23,1.3783319252765804,1.22929743810806,1.829317565565026,1.3858638819375098,1.8404116485943365,1.338870664906818,1.3068810596539506,1.304663088749766
2016-11-25,1.3845579126135925,1.2395764363607897,1.8404143669227557,1.3952594515427224,1.851499622924002,1.3462942433314748,1.3146790067718412,1.309562167394827
2016-11-28,1.3838224237898582,1.242648604824292,1.8574486134032537,1.4028424759750744,1.8684795866839805,1.348013865532445,1.31632343413566,1.301816331535106
2016-11-29,1.3835305412562044,1.2403484858855294,1.85215692363478,1.4063678046650294,1.8626441985368454,1.3482931450202673,1.317829346549636,1.3032400325848508
2016-11-30,1.3802790389531783,1.2239700246744647,1.8178297089337392,1.3826057897438828,1.8279324695063417,1.3388548818940331,1.306235000759348,1.3009809755013717
2016-12-01,1.3758253612402702,1.2188300704670456,1.7930264527654722,1.3771553181743825,1.801385043491652,1.3334521319643542,1.3007804150006457,1.2944332256072792
2016-12-02,1.3797855805953094,1.2228832345910214,1.8145841292605989,1.3833617230123882,1.8233089187478762,1.3385111128252642,1.3049602822275748,1.2962978838130266
2016-12-05,1.3890722002967306,1.2245622533472498,1.823883394520852,1.3877211944409251,1.8343050362286142,1.3456148574215536,1.3109053668533304,1.3061066676987554
2016-12-06,1.3930209053760163,1.2260847793295517,1.8275996504317953,1.3921577619450818,1.838562511127816,1.3485373832090135,1.3137109291737397,1.3121474820137757
2016-12-07,1.412885450066369,1.2334304064175283,1.8574994331661967,1.4150341176996224,1.8690523832369552,1.3668831946969013,1.3313924592242854,1.3303657351046825
2016-12-08,1.413953381956888,1.2334450645284958,1.8486163164445104,1.410251776251252,1.8595706682306474,1.3671608321380102,1.3309298562535279,1.336166031372327
2016-12-09,1.4219701531559898,1.2452136013525061,1.8256956340994857,1.4061189895806743,1.835503253582137,1.3757914582692392,1.3409160580503618,1.3396155615111485
2016-12-12,1.426618338032144,1.2626961402259793,1.8043835917222142,1.408901996828942,1.8136133171386184,1.3829148572254195,1.3507133381449332,1.33441569800322
2016-12-13,1.4408274823977631,1.2738236832564496,1.8373543009626758,1.4242606509536822,1.847194812687199,1.3965087089265926,1.3622731584758296,1.3398660979980948
2016-12-14,1.4277727197920589,1.2628199096045498,1.8420003407347483,1.4094355537971455,1.8523110439495267,1.3822849904998151,1.3502592970135947,1.3257133443558111
2016-12-15,1.4338943884109463,1.2653013559271906,1.851616428922981,1.4178730503686432,1.8623548120275777,1.3872728971141084,1.3553271149590531,1.3299309243730422
2016-12-16,1.4348011311773476,1.2714004698247034,1.8870136403430136,1.4261548750840483,1.8969116265269654,1.3902078482473998,1.3580229208905763,1.3266400351272627
2016-12-19,1.4397721192217325,1.2718032839130393,1.886930360149734,1.4291781805964754,1.8979474801927212,1.394530111940714,1.3618210407593723,1.3284594550571729
2016-12-20,1.4462390652411625,1.2736274227615867,1.91154243429819,1.4396092275861336,1.9238483179670625,1.3996366612233948,1.3662397570379767,1.3337326721660914
2016-12-21,1.4421761118334964,1.270091840734096,1.9134051886750243,1.4366771859553926,1.9258300943370887,1.3952647524813053,1.3613849042138417,1.3307251085483296
2016-12-22,1.4435058202327857,1.272599305871548,1.9222905621154793,1.4427859489484538,1.9350398755930527,1.3969954327255096,1.3631862832891093,1.3258276413404855
2016-12-23,1.4462886943747941,1.2745208385849223,1.9610913955196825,1.4531476124743992,1.9744165598609984,1.399614656644167,1.3646476316830507,1.3284395706258123
2016-12-27,1.4517119044921512,1.2741420752307135,2.0148457904186805,1.4649958487101613,2.0303893628610155,1.4033255393424948,1.366739977482437,1.332496131964568
2016-12-28,1.4391006604359524,1.2670699311792062,1.9540687407937458,1.4458230114199748,1.9675664432528006,1.3926921524486404,1.3572742246167198,1.318711620446881
2016-12-29,1.444246281524433,1.2734438163145227,2.000691203269876,1.4631059346470525,2.0155677244676617,1.3993582861818739,1.36173845937678,1.3194869631198543
2016-12-30,1.4345190011047766,1.267543073289507,1.9469339139992645,1.4447856714645106,1.960399600749224,1.3903453973440385,1.354661916190179,1.3143857269178087
2017-01-03,1.4418107150907469,1.2694360234129767,1.934145772917231,1.4450840095295534,1.9463745427950614,1.3971547391229202,1.3610216213474498,1.3248344511819574
2017-01-04,1.4458327660713395,1.2700795094327801,1.9516148704069567,1.4504953267607585,1.9645971728488982,1.400299467428058,1.3632367027196666,1.3384216510247688
2017-01-05,1.4461996323853619,1.2742276718304992,1.9539793555400071,1.4520449114435006,1.9667978698862643,1.402241930320302,1.363840970430069,1.3341248298957273
2017-01-06,1.4463747738788715,1.2697036350855455,1.9413740159261672,1.4437503976622172,1.954800880468738,1.4007351887706962,1.3621683500359842,1.3382263705534254
2017-01-09,1.442012088568515,1.2632373298577348,1.9563348930279791,1.442541801504882,1.9711251049592289,1.3957442515121163,1.3571223193723345,1.331006141868166
2017-01-10,1.439905105885249,1.260016873940151,1.9499068352689382,1.441815977676996,1.9646468498778296,1.393069330654069,1.3536960501383783,1.3329536776414115
2017-01-11,1.4434590594311745,1.258077399276008,1.9361629982432873,1.4396861698381875,1.950573991040562,1.3948140628878745,1.3542055389157586,1.3367158309484062
2017-01-12,1.441635264922534,1.2609586311355987,1.9327633362237142,1.439183960557214,1.9461682501186912,1.3946018121037855,1.3547220936430642,1.3341804698622823
2017-01-13,1.44214377343377,1.2587158589983922,1.9323544609652705,1.4392849449402976,1.9461697797174793,1.3941611254987012,1.3537317416887755,1.3370718492949978
2017-01-17,1.4388521741569669,1.266000547748376,1.9197779666485397,1.4318959868375878,1.9322437154429466,1.3943242016990467,1.3563343529931862,1.3337861481262583
2017-01-18,1.4397373920847365,1.2626228342722996,1.9210044900402312,1.430753352701726,1.9351377532587346,1.3942209765867193,1.3551922137755705,1.337557006449292
2017-01-19,1.434831856102017,1.2571711711959366,1.9368132622370537,1.4329283426660209,1.9508711743588474,1.3888655694496996,1.3498733133043155,1.3310496554143245
2017-01-20,1.442969667502488,1.2643375564156052,1.9388238265178368,1.4381199753680358,1.9526928040779188,1.3965033387982468,1.357514734008078,1.336322969901588
2017-01-23,1.4441261478575362,1.263115589205744,1.9580410847192276,1.4427646633578215,1.972099374680833,1.3975982242300233,1.358767451146542,1.332859019969059
2017-01-24,1.449006736039199,1.2577266846702626,1.9733955810006925,1.442422028831067,1.9885675312953597,1.3995649475298628,1.3587512763525307,1.3461192470303207
2017-01-25,1.4569728952635674,1.2603687372327266,1.969582200620166,1.44620409628611,1.9846877169988741,1.4051527654739693,1.3635708030159202,1.356008638248907
2017-01-26,1.457321380689041,1.2601066241833774,1.977831357802853,1.4468282334272484,1.9925872963485833,1.404705629676804,1.3633959859505538,1.3523436664636017
2017-01-27,1.455495570482877,1.2640231908050845,1.9919752432412572,1.4545046093795395,2.007099305757002,1.4041657992093928,1.3626824499131833,1.3490511715665048
2017-01-30,1.4446548385834308,1.2630610873153416,1.9828115527299721,1.4490758797622112,1.9977432085845352,1.3967861579779057,1.3563491710883175,1.3408691827582737
2017-01-31,1.4449652919797142,1.2690914583503,1.9927796485409015,1.4515943902914004,2.0073523322033937,1.3995928387036156,1.35825890671064,1.3417286134670041
2017-02-01,1.4442504344040619,1.2660456746500768,2.0195541657428993,1.464032719163135,2.034792662607409,1.3973816421655276,1.3552162141781985,1.3389666341391364
2017-02-02,1.4467886580422529,1.2677446105621795,2.026739412085899,1.4643661110755846,2.0427767441251152,1.4001089912772882,1.3568739136251369,1.341153089334297
2017-02-03,1.4562084944459732,1.2714447601227161,2.032601667157197,1.4680866967679511,2.047926652790257,1.4080018768937541,1.363537090248358,1.3512990451476843
2017-02-06,1.4536999293636936,1.2684913956527748,2.0521251615853577,1.4719191657260375,2.0682358757848673,1.4054333629634255,1.3594667345871358,1.3479382985394046
2017-02-07,1.4541015272068758,1.2698195696043657,2.0528054978276056,1.473023695870007,2.069003225895731,1.406271295467513,1.3606248004271901,1.3464154760740779
2017-02-08,1.4558657390054162,1.271183653435161,2.0525356781530752,1.475686663219435,2.068848800176038,1.4089978074926457,1.3630729575451723,1.3495981602165732
2017-02-09,1.4577334089624314,1.2734192976808316,2.0398366861497954,1.4742004599829066,2.0561000792366793,1.410128283159416,1.3651940493472783,1.3595266544325224
2017-02-10,1.4619858494760127,1.2803505643186663,2.032452919555271,1.477057532324488,2.048482245296981,1.4145245354646276,1.3700142952134227,1.3662777593421476
2017-02-13,1.4672787542891348,1.283126837753905,2.0108697923183794,1.475543652622815,2.026009742403412,1.4193278092288883,1.3742398721979294,1.3719406591905265
2017-02-14,1.4706209588222874,1.2853595361206012,2.0222283663322678,1.48412919392701,2.03750233865804,1.4216137371174644,1.3768204963848447,1.3756214192490623
2017-02-15,1.4757508465013855,1.2945059824289422,2.0338526272608157,1.4931852366635532,2.0493838766169477,1.4267848994686594,1.3833938716721994,1.3818645830821328
2017-02-16,1.477536435560105,1.295575762102975,2.028117154364607,1.4941321888110517,2.0437951556543155,1.430021381173472,1.387236593621139,1.3787418066031434
2017-02-17,1.4777996387076482,1.2951999469146942,2.0046761607377928,1.4895505535896316,2.0224112153651506,1.4305966218223025,1.3898285182014052,1.3814967020369042
2017-02-21,1.490958159421814,1.3043062792282605,2.041083080692414,1.5065289562498325,2.0588659170713433,1.4427565716789392,1.4008743846762917,1.3911844406484615
2017-02-22,1.4869452182705727,1.30371740459011,2.0223821044813133,1.4991356870435042,2.03979712354245,1.4402429135930903,1.3988811309252072,1.387374614972805
2017-02-23,1.4861717725494907,1.31413672818914,1.9676035186760723,1.4849144662063398,1.9827666306827416,1.4428250294438016,1.4053174929152055,1.3847334365209365
2017-02-24,1.4890696310935436,1.3218703751246998,1.9746596881884724,1.48972456802268,1.9895641141329936,1.4473910475954128,1.4108249054176911,1.3889760479890385
2017-02-27,1.4890957839590004,1.3168966303668088,1.9770761033833064,1.4872590615502865,1.991351420656605,1.4454170317267547,1.4082975701852487,1.3916682690862139
2017-02-28,1.489926164247214,1.319713593918918,1.9668552922240166,1.4860350930347743,1.9808083393936147,1.4470864085553343,1.409383208167961,1.3852263109444256
2017-03-01,1.505000825627376,1.3314727603329803,1.9936971587927395,1.507021737447693,2.008636889794988,1.4599414622784133,1.4210500627320657,1.4022405216681255
2017-03-02,1.4956946052298545,1.3288568456487295,1.9729644776520572,1.49356883473927,1.9867559581555465,1.4532591325199304,1.417079757733443,1.3926286931248768
2017-03-03,1.4964534606837232,1.3289579696293603,1.9783154959843958,1.4972856499723752,1.9919434411777435,1.4537807353393757,1.4169202368536724,1.392142419185636
2017-03-06,1.4915010104176594,1.327285441880467,1.9650561416704053,1.4884369162733593,1.9783863920478841,1.4492620183178324,1.4130763560064292,1.385756309115876
2017-03-07,1.488508134879709,1.3265178409270708,1.9676926495419778,1.4890918993770748,1.9813248208896148,1.4464011628013205,1.4102659575068812,1.3797810656160052
2017-03-08,1.4796113561535655,1.32283203140961,1.964033686451922,1.485455226790204,1.977823789025842,1.4387466955401667,1.4053073920196288,1.3762276261731239
2017-03-09,1.478318348495725,1.3271739974601586,1.9640469340127973,1.486286493526525,1.9774891380671027,1.4380219101822014,1.4062757735272007,1.3750888565371682
2017-03-10,1.4815817169998522,1.331328883432553,1.9705372635686902,1.490169429697721,1.9836182010240209,1.441905673490286,1.410364611779124,1.3803106758004722
2017-03-13,1.4826148530408934,1.3333656849839932,1.9810326483698713,1.496258710852788,1.9944688327137854,1.4428883904500964,1.410783498972059,1.3824761941154653
2017-03-14,1.4766086502622031,1.332129580258596,1.976525334018815,1.4929453871554343,1.9895992762359929,1.4381541011447494,1.4070464373490978,1.3765067038257859
2017-03-15,1.4914281514706424,1.3466799886236682,1.9944995888513228,1.50765129939202,2.0076707958988123,1.4528628567470177,1.4213146820655,1.3916509570877773
2017-03-16,1.4879381435373935,1.3438935853665126,1.9873310983553052,1.5020934941031316,2.001030496987767,1.4491842338145224,1.4187321619558135,1.388410648310764
2017-03-17,1.4888444318404606,1.3446797070693681,1.986539511355285,1.5008737478765348,2.0009277743910587,1.4502164484318973,1.4203326422143945,1.3885429976467036
2017-03-20,1.489330138099186,1.3416497222624495,1.989694093385115,1.5032913262074996,2.0050374583492014,1.449668820124339,1.4183525450041374,1.3843850828664352
2017-03-21,1.4767375697888505,1.3364638356614564,1.9511860353619024,1.4820430348715259,1.965812810216048,1.440472053966991,1.411508299752497,1.3658822315182877
2017-03-22,1.477730606820895,1.3338375552650166,1.9567801677122754,1.486110461464983,1.9720883633436923,1.4409267665026886,1.410958268616404,1.369218705338538
2017-03-23,1.475178247203467,1.330305202964996,1.9522369254244258,1.481791364939876,1.9672966885192487,1.4381983470873307,1.4086761792631337,1.3696020840705878
2017-03-24,1.472468325378708,1.3284987213227686,1.9525782688136977,1.480381756015306,1.9672197197014807,1.4359367392009366,1.4063041723829113,1.3691457907724511
2017-03-27,1.471365668946022,1.3281655386246887,1.9529343532826842,1.480685243891931,1.9682788092750043,1.4346169316659212,1.4052992215304259,1.3675615140601651
2017-03-28,1.4795851742900146,1.3309759602342632,1.9610821854121507,1.4882047607022484,1.9765347630755494,1.4413701887897872,1.4107532186656735,1.3787828432344145
2017-03-29,1.480568684494129,1.3261742441833846,1.9570565636856492,1.4864997526641426,1.9731642468616983,1.4412231222899117,1.4095372585253803,1.3823090490667604
2017-03-30,1.4880900748263302,1.3284906159271401,1.9696984002604063,1.4921024954918936,1.9865532137846453,1.4458775766173042,1.4118754935167694,1.3854391372824895
2017-03-31,1.4845436317980802,1.3250291278178112,1.9624268124748432,1.487205149210905,1.979314648160111,1.4425135139303158,1.409061856367876,1.384353655825122
2017-04-03,1.4867558728850285,1.3266439312390585,1.9687885154718157,1.4913140806846226,1.9858792634572822,1.4449352524827612,1.4107879074766247,1.3783202339914071
2017-04-04,1.4877832660397519,1.326607016506997,1.948801044189708,1.4871245668076003,1.9652547701729552,1.4462148721622048,1.4124499524926948,1.3765603056927136
2017-04-05,1.4853580767868468,1.3295929316066635,1.9430012072357004,1.4828206947581948,1.9587645582058786,1.4449528444516269,1.4120311650357558,1.3722329735894099
2017-04-06,1.4849359465645786,1.3282354437580732,1.9428452021073532,1.4818688094103767,1.9586380508467867,1.4434725486630469,1.4105231723413374,1.3793979295637582
2017-04-07,1.4828068177874343,1.325631093782073,1.9391904201753538,1.4804799607068317,1.9556175688178825,1.4413792400276035,1.4089388510403758,1.3777968851148716
2017-04-10,1.484850509431439,1.324921961252903,1.9313971446197535,1.477083792853236,1.9473793312726115,1.442953612568207,1.4100358115618115,1.3805980856859001
2017-04-11,1.4848980852408273,1.3244269213575737,1.9324361593631956,1.4771044280577503,1.9487256435584996,1.4428870433367713,1.4103062719690616,1.3808396115054118
2017-04-12,1.4819206099250017,1.328212173099788,1.9244948076283317,1.4721624497881505,1.939299625850917,1.4420332181344395,1.4108978795976763,1.37250488366154
2017-04-13,1.4705714477353298,1.3212608458972297,1.9039652967670215,1.4599467377763025,1.9182646867914537,1.4322337604422168,1.402299467356638,1.363186959037839
2017-04-17,1.484054385332098,1.3304910907783207,1.9367673466445794,1.480909445285377,1.952458849325931,1.4441949515504713,1.4129337564518931,1.374874122612262
2017-04-18,1.4814755769799695,1.3240156125099631,1.9272241372514836,1.4749135565662073,1.9443267009995098,1.4419597398642099,1.4091257922451128,1.3707972174780754
2017-04-19,1.4752252655537057,1.3203372973000933,1.9222257692484712,1.4707376461617332,1.9396179931247672,1.436161189795361,1.4041001486463753,1.3710854166970587
2017-04-20,1.4828041732424295,1.3274266650770195,1.9387803850939767,1.482689792794267,1.9569787164939985,1.4427435814465044,1.4104340238185997,1.3825009642594366
2017-04-21,1.4812078166734581,1.3272290022082547,1.937115100701644,1.4831532157987828,1.9554503110761858,1.4413035062013166,1.409193066579955,1.3778943037837659
2017-04-24,1.4950047547109309,1.3385345790384284,1.964581337483737,1.5010783517010444,1.9828144124795284,1.4535131821497551,1.4211311124832497,1.3913955185951778
2017-04-25,1.5077695249207197,1.3554415427708475,1.9764334136746853,1.5092432437320533,1.9950022128561016,1.4653415923971347,1.434015079879554,1.3990359830364012
2017-04-26,1.5044658711222716,1.3512821181560575,1.9723840971847197,1.5063993819240018,1.9903535015206835,1.4622808721883183,1.4316132212631072,1.3995826071746895
2017-04-27,1.5069615530862688,1.3539311743652611,1.9771041546767754,1.5112548513559978,1.9957681983243913,1.464630423761901,1.4341101521695907,1.3999067024618164
2017-04-28,1.5048388538824722,1.3500707277460886,1.9740397017555158,1.5110543333474835,1.9934432034346412,1.4624454419252555,1.4319536182252177,1.3934456955505419
2017-05-01,1.5068867039948812,1.3494647367269117,1.9930658372399421,1.5206889887271895,2.0125831427214114,1.4638723310505377,1.43267200446355,1.3930384347070963
2017-05-02,1.506317417002801,1.3495037075960872,1.9894780312695188,1.51843844975358,2.0080211177291085,1.4639252974625476,1.43346288866454,1.3950262830006717
2017-05-03,1.5059162590530595,1.3495968553562794,1.9865695923701956,1.5161755897701699,2.0054020756107267,1.4629888712297066,1.4322583438781247,1.3899727420953065
2017-05-04,1.5035824939459461,1.3532025889178205,1.9877703472292623,1.5169783670743153,2.0060338796706207,1.4622772587595894,1.4327692756382264,1.3912155875920695
2017-05-05,1.5102627752267797,1.3574169271012833,1.9947089253595471,1.5207985407716509,2.012965081390176,1.4685962365650567,1.4390387465369932,1.3998766218985066
2017-05-08,1.5129780281755463,1.3616403485598954,2.0140965129063586,1.5287773527711657,2.0315845074217664,1.4714695899735872,1.4423775415535185,1.3968496378950466
2017-05-09,1.5081800526690703,1.360005317298367,2.014972291377318,1.5290001721447908,2.0329360909555,1.4669117578500777,1.4384670825209365,1.3965466044058927
2017-05-10,1.5185911371087497,1.3609097112340016,2.0563919333903153,1.5532341430402452,2.0783469391594718,1.473778408962536,1.441043036768218,1.4009888513135809
2017-05-11,1.5190479265497518,1.3602790512974516,2.0715185481081035,1.560858214308455,2.09471205532412,1.4735883113466761,1.4395719048395896,1.3949512358861267
2017-05-12,1.5192845315609467,1.3635970028124542,2.084200312216158,1.5666946027015984,2.107333891745526,1.4742888658514521,1.4408565626399001,1.388636163638384
2017-05-15,1.5282395310515788,1.3743200563711122,2.098389955001571,1.5803707644340959,2.122885591540413,1.4822937170360873,1.4482022395700884,1.3970368495642305
2017-05-16,1.5276363558191461,1.3725186523125512,2.099250129257355,1.5849597921015433,2.1248072734252763,1.4808712539039233,1.4469405303846368,1.39333340326976
2017-05-17,1.5020718890307485,1.3601252369765153,2.038866807170465,1.5452851757112744,2.061871340324343,1.4596198425674476,1.4294012616861795,1.3710069522039412
2017-05-18,1.507224762328241,1.36587182941102,2.068153745153329,1.559073536543036,2.0916369983751926,1.4645078926302084,1.4343614898432737,1.3748477786109992
2017-05-19,1.5181160001844425,1.3711898238228493,2.08579400792383,1.5712927002367647,2.1104585586808273,1.4738791922620444,1.4421873684615343,1.3858808408109533
2017-05-22,1.5243405692757976,1.3750328050569105,2.106202888735596,1.5858313711215526,2.1318161664498203,1.479571654607244,1.4475559171180044,1.3937188115861547
2017-05-23,1.5262665290683812,1.3758382038972223,2.1069673766025208,1.586883095504275,2.1317874961274295,1.4813842934949024,1.4485375947275647,1.3938390884942382
2017-05-24,1.5335819865595874,1.3796144519317672,2.116481008279171,1.5942964477011508,2.1420365884130805,1.4880207395231386,1.4543214148501933,1.3963816320399058
2017-05-25,1.538422076441247,1.3845160893281996,2.125980946319485,1.602144551399178,2.1516663464233736,1.4934950405373442,1.4613750251322493,1.4021948348929871
2017-05-26,1.540341400626306,1.3820739726501132,2.13395270850861,1.60757789681891,2.160764816642279,1.4941305430586618,1.4605976309044761,1.4019565197027868
2017-05-30,1.5395334766833688,1.3820152980757787,2.136060508654247,1.6099807136022006,2.1637310835908,1.4939213828404136,1.4612102416108714,1.3990960771246514
2017-05-31,1.5353033797283187,1.3833990976082469,2.1255056958934335,1.604062068608337,2.1531258997091562,1.491399669270471,1.4605327700648654,1.4000391246128798
2017-06-01,1.5430659355069756,1.393137685701612,2.136160072378986,1.6125272724269917,2.163698232677538,1.4992730538906005,1.4688630856199418,1.415010782090526
2017-06-02,1.5456462792280232,1.3982278825283703,2.1524202338723804,1.621011788745209,2.178515493603836,1.5024186854472594,1.4729008574327842,1.4169978750153818
2017-06-05,1.5442221350171337,1.3963103613274663,2.1485418436664125,1.6203381669564119,2.1759578258471097,1.5003661953404397,1.471074335193268,1.4132010510191302
2017-06-06,1.544935651182166,1.3968059626893161,2.144755765373928,1.6183350718252016,2.172737216368597,1.5007452703465103,1.4704274283149457,1.4076504862594375
2017-06-07,1.5482129359640837,1.4006794917422167,2.161230940661057,1.6288097461726707,2.1890362218467425,1.5040080088306358,1.473310856160836,1.4085709766141876
2017-06-08,1.5490673311926326,1.393067390960388,2.1780533377933633,1.6405721370199247,2.208501815676901,1.501860824067458,1.4682600858842965,1.4098299954388869
2017-06-09,1.5487064070181846,1.394733115536409,2.1411590597525865,1.6229253473231848,2.1719201350459607,1.5025468437131675,1.4696302872709532,1.4156021071464517
2017-06-12,1.548429415250576,1.3897971030138025,2.1204245144915683,1.6125174618800246,2.1530032727055017,1.5014507894898743,1.4671240567441994,1.4174999008791043
2017-06-13,1.5546628221493164,1.3955872007123464,2.135475767612936,1.6224309171877611,2.1676243999026545,1.5067081123115478,1.471943128568719,1.425045641588555
2017-06-14,1.5534171519993991,1.4028248190133268,2.1394408611976274,1.6249708920922765,2.170848355525821,1.507429796224143,1.4748633487946496,1.422030673080717
2017-06-15,1.5530617052666247,1.4047533962696837,2.1425560555001533,1.6250157768303066,2.173475387496851,1.5078361861303329,1.475795346109829,1.4192432138218414
2017-06-16,1.558220530409615,1.4090026995126328,2.142237753483737,1.6301753395543106,2.173819946405465,1.512674642894229,1.4812982585366883,1.4187949750915625
2017-06-19,1.5679916507552667,1.4154266091090797,2.1761104176707433,1.6492132186946535,2.2075821664712767,1.5207633081514902,1.4882272540564294,1.4281851047215257
2017-06-20,1.560077435720623,1.4148870898285564,2.1697696073216037,1.6433775273785216,2.2004539837554886,1.514650269521044,1.483576168189583,1.4161205408440185
2017-06-21,1.553804872767121,1.4119900656098754,2.1782107870869813,1.6449356441344012,2.20742520690974,1.5091695690351044,1.4790683494780645,1.412318080970256
2017-06-22,1.5519498484776264,1.4107818726697576,2.181776083448574,1.6477066955568602,2.2105167453345422,1.5077370443926352,1.4785308329744087,1.4127174392442121
2017-06-23,1.552394686204204,1.4059198687482795,2.182972534457809,1.6477898957807215,2.2104654365713086,1.5082841114775973,1.4783283952783872,1.4168136381060745
2017-06-26,1.551277219555474,1.40552391027343,2.173951569688853,1.6437086405660997,2.2020173709612796,1.5079572327457185,1.477389583360256,1.4209625697248107
2017-06-27,1.5403717319609447,1.397193296353762,2.150734445440249,1.6320769971374356,2.178948651495206,1.4974968661328225,1.4673767609778923,1.4111643593932173
2017-06-28,1.5506396132757425,1.3989202475125564,2.170343049247289,1.6453192791463076,2.2002011293892685,1.5049945821503716,1.4731621735252114,1.422259926883006
2017-06-29,1.5360193121922316,1.3858815730150136,2.1453414349780013,1.6294798892612978,2.1751428803705464,1.4907365795902263,1.458734859925411,1.4116869518360455
2017-06-30,1.5365050947133736,1.386483256588851,2.14403877716547,1.6273070932887317,2.1735858617765076,1.4912023855179934,1.4597975584535017,1.415691497519689
2017-07-03,1.5408448256621763,1.391671747544633,2.1418384961766135,1.624977252959089,2.170720585485355,1.4958727204880713,1.4646266023970023,1.4216194646421902
2017-07-05,1.5420302351997348,1.3911778255269684,2.1628439652721787,1.6403030430096885,2.192517513771871,1.4961732683459747,1.4640747764062207,1.4181698490958783
2017-07-06,1.530292672491181,1.383462683631655,2.154667549761279,1.6333276852703846,2.1838475082255253,1.4851636311880367,1.452836974460718,1.4022735440883003
2017-07-07,1.537605114105506,1.3898591854364337,2.1776045602117726,1.6488746262491343,2.2066537381104987,1.4922954120460046,1.4604316404107647,1.4116537569654481
2017-07-10,1.5394830790946372,1.3833005550295967,2.188036721849303,1.6542462075182252,2.2187236039605187,1.4917607045611894,1.457741547386794,1.4118319252456593
2017-07-11,1.539006669209047,1.3798930678510095,2.1898551135393305,1.6539573753604184,2.220283711456236,1.4901727225096264,1.4550202015365328,1.4103345142521626
2017-07-12,1.5504508985475742,1.3880046654801834,2.203621213052725,1.6674441691041435,2.234957021492136,1.5005108967346739,1.465435474663925,1.4206039342133512
2017-07-13,1.5501291947809364,1.3862179121753258,2.2044086307071487,1.6680244362146073,2.2365568201641883,1.5000398153479872,1.4642582388327745,1.4241894834340183
2017-07-14,1.5587328561445932,1.3916323444494139,2.216349150519301,1.6776904271623063,2.249072940261833,1.5078730974333316,1.4723002621899821,1.4310451955087666
2017-07-17,1.558481518314875,1.390751982081123,2.213280899812723,1.6740463955538558,2.2458363795506116,1.5074378247291278,1.4725757565582127,1.4328610038951446
2017-07-18,1.5571984296446226,1.3932240024678562,2.210998337719224,1.6769527355451181,2.2446609271817395,1.5068207038857973,1.47255124125704,1.4294025525727696
2017-07-19,1.5626168555862656,1.3986999533803166,2.2221204176911487,1.6835941062747652,2.2560130728477876,1.5121746050087197,1.4783775444270297,1.439120254772076
2017-07-20,1.5640364732455247,1.3994550605052158,2.22499534667231,1.6899334606059542,2.2598347998912716,1.5138434346375655,1.4801353055040154,1.4374626286422245
2017-07-21,1.5624882949655394,1.3984761668017398,2.2285176476446376,1.6896765052084455,2.262830650545223,1.5125822251412917,1.4784474062574673,1.4386840317176233
2017-07-24,1.5562098570461036,1.3881763606281272,2.2252261313611315,1.6860924381449083,2.2597269098186477,1.5056850087992162,1.470357194992198,1.4362106477738628
2017-07-25,1.569824558675594,1.3988765023487866,2.2534091926600675,1.7006035948923666,2.2854939964742447,1.517226067163846,1.4802233303090648,1.4425056899722826
2017-07-26,1.5810156271832956,1.401499000248224,2.2995790820515447,1.7168006562612643,2.3292218877313644,1.527107508618259,1.4888695691026625,1.4400463524637022
2017-07-27,1.585053788360364,1.4072136542986229,2.298551112775376,1.7066548402380697,2.3249839391487463,1.532512741392616,1.497169719412524,1.438761598893887
2017-07-28,1.58682120845509,1.4035356954955118,2.302211257525676,1.7121949537104426,2.3294577275766026,1.5330558558292648,1.4961112881952325,1.4373064483617168
2017-07-31,1.5860992402983982,1.4077130596122938,2.2992875956185905,1.7093399424170728,2.3263504603438037,1.5331525262276475,1.4959262036201593,1.4361878413608322
2017-08-01,1.598251921236896,1.4167356779638791,2.314891695669569,1.729694398877818,2.3460615755438265,1.5448630838237691,1.5046172748156954,1.4368260009757874
2017-08-02,1.5972117645507833,1.420427782937188,2.3134244920655287,1.72761341132606,2.3425670138749366,1.5441925856136893,1.504344104867312,1.4335990265806362
2017-08-03,1.5952419207786515,1.4194474154872454,2.3062388120084045,1.725781662297384,2.3366226302240722,1.5428410693462284,1.5039803727418797,1.4299319175942962
2017-08-04,1.6008176796108702,1.4199426333488403,2.310230354632466,1.7322652785842367,2.34243275771825,1.5474372624867854,1.5072388736317088,1.4320924175759573
2017-08-07,1.6062155943101764,1.4254032549230526,2.331522376287418,1.7439635559394102,2.3637800975867296,1.5521110329228252,1.5115440116237042,1.4331058323821833
2017-08-08,1.6034451561954377,1.4241270762087215,2.3274016255961087,1.7398649761211251,2.359374915121822,1.5497615718049769,1.5090275252349032,1.4290338400626137
2017-08-09,1.6040623254899788,1.4265789121799395,2.3141301076138596,1.7396080158138025,2.3470717145442417,1.5504629183876328,1.509974548590603,1.4266470204352428
2017-08-10,1.5881434719381258,1.4187735805582153,2.2891494273525064,1.7167875675912776,2.3183354399698786,1.5370373385474012,1.4993873846446013,1.4054856923447552
2017-08-11,1.5837629813561191,1.4175260900511064,2.289595202993505,1.7102796183842572,2.3159204849494897,1.5338772790081003,1.4984918480069565,1.4062956058932323
2017-08-14,1.5994756053866188,1.4247263516022912,2.322808952774323,1.7380338864954241,2.3527327208905495,1.5474210748419899,1.5098436988446167,1.4192139370674672
2017-08-15,1.598670557912158,1.4270200195170646,2.3330473461524974,1.742818227784784,2.3627680510848506,1.547388692661987,1.5096767679059704,1.4158145607702455
2017-08-16,1.597975799639853,1.4292554105439306,2.327496888424553,1.7407228507182093,2.3561040235120947,1.5476176647555628,1.5119110838915117,1.419275581502188
2017-08-17,1.5771814020643384,1.4134273480413813,2.3004067682332487,1.7186426707163334,2.3273563476450563,1.5281250044232035,1.4943953906053515,1.3975035539303464
2017-08-18,1.5755009359791918,1.4102057106151316,2.298664425531572,1.7184451521746549,2.3259831964419475,1.5262115121087327,1.4911543475396345,1.3943464976651294
2017-08-21,1.5764661833484424,1.4144307486480934,2.2974296848113265,1.718670361563759,2.3238897245594643,1.5280252242538062,1.4942164549414432,1.3950571687481057
2017-08-22,1.5880695603213846,1.417363745484484,2.3303564596962865,1.7376216166510972,2.357355727843994,1.5377819387845593,1.5020638534264046,1.408124234261282
2017-08-23,1.5883312564725867,1.4165559915924615,2.3250142239795686,1.7372915164297849,2.352879270372665,1.5374149994730126,1.5009034422222556,1.40371939014923
2017-08-24,1.5860991576774424,1.4135873549491293,2.3259094990014897,1.7375243623146903,2.353870910561666,1.5353654336864415,1.4987133110373876,1.402032350413271
2017-08-25,1.589066534370324,1.4150459902984456,2.3176355560447406,1.73565277453779,2.3458341058258925,1.5382616932839552,1.500756016303854,1.407031447209826
2017-08-28,1.5906614601804552,1.4168315466355867,2.330108285123138,1.742902798413538,2.358130079187169,1.5396457776924182,1.5021189783422713,1.4053165884805279
2017-08-29,1.591667152872227,1.4173230172778728,2.3414581485827664,1.746858348908718,2.368885034238547,1.5406208306398146,1.5037502010638806,1.4039422350108504
2017-08-30,1.5952452205702143,1.4143989404872306,2.3473101753171006,1.751722159157949,2.375390717526964,1.5428046705377942,1.5042859685127632,1.4101925790589052
2017-08-31,1.6018669072955287,1.4202360530041527,2.3547730242829616,1.7597566255022774,2.383538705919511,1.5489652032262744,1.5107049683160891,1.4179422505556494
2017-09-01,1.604951495443179,1.421018655626035,2.35589055358746,1.759474806576617,2.3846166658450296,1.5509618194279546,1.51161122712949,1.4227070571245015
2017-09-05,1.5960942704172392,1.417967987658233,2.335219121483433,1.7433167244120364,2.3622969171896835,1.543974825317495,1.5063565702500632,1.412460292293848
2017-09-06,1.5995448005783124,1.4232334612197326,2.321683194880568,1.7376348021289938,2.3491338799574493,1.5473040428725675,1.5099752153333807,1.417567684965811
2017-09-07,1.603639988529547,1.430714053143974,2.33321020659983,1.7410467198080035,2.359059264519299,1.5517589810357613,1.5144158653341981,1.4160167378364104
2017-09-08,1.59816972807516,1.42591365829388,2.329731777162385,1.7310452033406005,2.3537009036859566,1.5469735015426778,1.5103121068975767,1.4169852878188027
2017-09-11,1.6139213471215252,1.4403404711091048,2.35772782637547,1.756435250542951,2.3839868880160084,1.5621973180785316,1.5253263215477386,1.4319363693783818
2017-09-12,1.6158332280726688,1.4318280307120368,2.331148372553887,1.749736312355874,2.361839629610221,1.5620514931162761,1.5235006822392683,1.4374513412164125
2017-09-13,1.6199197327864374,1.4332413261265895,2.3372403341591035,1.7494341464109617,2.3676065429367217,1.5652581390064777,1.5267748618013088,1.438093719840684
2017-09-14,1.6329162311153729,1.4382260479755977,2.3426434436950094,1.7562189412457918,2.3752616596754113,1.5764098094345014,1.533943123166568,1.4416004650875116
2017-09-15,1.634016350277562,1.4401730207003594,2.3671735421620803,1.770573385298932,2.3994456907806554,1.57735259913293,1.535346253820339,1.4402506377471898
2017-09-18,1.6370255714043893,1.4413156304767525,2.381779286063141,1.782042137167941,2.414703937289518,1.5787391687598409,1.5359574999038619,1.4417675570959108
2017-09-19,1.640381986036608,1.441399815551486,2.373268213690722,1.7773702251334424,2.4058136746050405,1.5811568685505122,1.5383680229401757,1.439791473293902
2017-09-20,1.6425435696450221,1.4408875933023502,2.3874065366958908,1.7765443373067706,2.416869775214818,1.5829902512402059,1.5407496200408966,1.441952926696664
2017-09-21,1.6363538690012462,1.4323931364447933,2.3751532596940663,1.767059775925361,2.40446804561602,1.576746640516087,1.5336525605356648,1.4388567576705187
2017-09-22,1.6339378666966016,1.4285167284027624,2.366109438900033,1.7580722897232155,2.394577325948631,1.5740640098224177,1.531573748162023,1.441855259404738
2017-09-25,1.6321734037691367,1.4256803790468926,2.337645298823943,1.7428168293964037,2.3669391217725444,1.5727107184590743,1.5304464875988997,1.4435734462652803
2017-09-26,1.6300091597287691,1.4218835069383295,2.330372336874369,1.7425323540845516,2.3624083898691604,1.5701506895297908,1.527122666138893,1.4447078200760828
2017-09-27,1.6330708403557854,1.4176392357034235,2.3448040008885878,1.7496083069372423,2.3768837499801507,1.5711497730795216,1.526407238937466,1.4502193637679497
2017-09-28,1.6393993295166251,1.4255834382879478,2.358497752203525,1.756473402812526,2.388583482603225,1.5777981448765461,1.5337041085401044,1.4511050566983599
2017-09-29,1.6423692491440092,1.4268587384338507,2.3587216718251747,1.75852266002151,2.3894971256497435,1.5801976620102476,1.5359785107664554,1.4562937758620154
2017-10-02,1.6463268506173123,1.4294486654855594,2.367839296968066,1.7656171520338888,2.399336179699405,1.58356254183861,1.5380910995092894,1.4621966137775293
2017-10-03,1.6501943494042703,1.4350319232092623,2.372877007405677,1.772935916423531,2.4048731536409553,1.5876363114804473,1.5425431689201001,1.464538019537314
2017-10-04,1.6530871823119604,1.4386973043854958,2.3813630638282284,1.7792684852857152,2.4128168187993726,1.5910148503064812,1.546325438918454,1.4684929319726459
2017-10-05,1.6616143785408293,1.443005046003463,2.395594074217817,1.786372756319428,2.4266460083785053,1.5982602566979671,1.5530937127089988,1.4736262836181617
2017-10-06,1.6595937139964057,1.4418403849941535,2.3971941517718323,1.7864979136529833,2.4278180544339416,1.596490158215897,1.5514387709740658,1.4706592355827655
2017-10-09,1.6597471638575394,1.4419065230081363,2.3962065410202067,1.784568990373783,2.4267595435409874,1.5962660713959615,1.5507784568942782,1.4654172141023092
2017-10-10,1.66463345550238,1.4478692828388504,2.4060372852560072,1.7891775029724892,2.436579468964356,1.6009771298549988,1.5543186919713512,1.4690013063994645
2017-10-11,1.6713907844001465,1.4564962364204517,2.42011635055377,1.799653523680885,2.449933700865944,1.608093547099229,1.5614016891613143,1.4692915926651717
2017-10-12,1.6697756201078768,1.4561729247881157,2.4207942308050083,1.7986227159665484,2.4498442479180533,1.6069613466074435,1.5603745951535208,1.4693308908156262
2017-10-13,1.6726985016839235,1.4575134858566337,2.426273453048211,1.803078011783614,2.455378476532447,1.6091278666886826,1.5628007478649697,1.4708960751111326
2017-10-16,1.6794666300922612,1.462638737534021,2.43011891478917,1.8104847051354422,2.461246184620001,1.614568961494434,1.5672364302908766,1.4712682023927057
2017-10-17,1.6830078758972782,1.470962024868067,2.4424872503258146,1.8258850093230792,2.474298307691902,1.619555943825497,1.5727573836278474,1.4711970956608333
2017-10-18,1.6811546407940468,1.468368150994651,2.448488244260322,1.826906729227971,2.479803352675842,1.617278357777593,1.5704632421296347,1.47241949096716
2017-10-19,1.6827509048538014,1.4724412476900965,2.448957293591725,1.8285729987760706,2.4793754398835497,1.6200524278640536,1.5715729008987032,1.4747565652564878
2017-10-20,1.688885037290681,1.473941923783866,2.4734724619660398,1.8430071455522334,2.504369968204406,1.624803533079745,1.5733405323628928,1.4845521167424822
2017-10-23,1.6841020251649748,1.4723758516141656,2.4603625244934064,1.8398671880145834,2.492217694376957,1.6206295269915714,1.5680539342288407,1.4787454695935704
2017-10-24,1.690638219548587,1.472353157207452,2.4777478807656403,1.8491253911504109,2.5102507627820843,1.6245217080262746,1.5696900902743296,1.4800657833400732
2017-10-25,1.6793569025148967,1.4679275498122382,2.4512707478807374,1.8388784877388693,2.483809502973554,1.6153156161949271,1.5613837583163044,1.470357060809504
2017-10-26,1.6887697803388648,1.4718020830040657,2.4603822425625363,1.8451984220224622,2.4936266580195916,1.622752103492633,1.5694675100819022,1.4732352108986755
2017-10-27,1.706968057672137,1.4722813820159777,2.4709407399736696,1.8556741482564054,2.5056113308480192,1.6363108888813962,1.5819731238793338,1.4748298431144973
2017-10-30,1.7053354144104214,1.466627839794391,2.477796114637612,1.856763519026662,2.5129373335034164,1.6334323813053708,1.5783906690792906,1.4682794700050794
2017-10-31,1.706910812225999,1.4683962120036482,2.4788107962640313,1.8586143478447585,2.5142906321579988,1.634785076735001,1.5806372914263433,1.470021908446304
2017-11-01,1.709072830521304,1.4661910906249698,2.472142341944605,1.8520711169395385,2.5070521982279805,1.6354601471186618,1.5798086778117426,1.4700488378968073
2017-11-02,1.7147543180300822,1.4675190179348585,2.480264771920758,1.8563334215367358,2.515775610470476,1.640467149502404,1.5832711288118397,1.4686057540544097
2017-11-03,1.7154547888670686,1.4717514760666996,2.493097663231846,1.8662994477980348,2.528807467485493,1.640958210902285,1.5851170903516816,1.470430532983378
2017-11-06,1.7167087434969541,1.4708658494777183,2.504629019362755,1.8775647043293309,2.5424636716184965,1.6413509481360784,1.5849614594268353,1.4764285622363282
2017-11-07,1.721581898810183,1.4763400254229913,2.51479098606206,1.8831250030433209,2.552490071605758,1.6470116247724367,1.5920051821943104,1.4742683630998568
2017-11-08,1.7229483477296623,1.4785225615668676,2.5100572789917193,1.8809683449860373,2.5470544757596256,1.64912860199479,1.595865377692093,1.476865872699886
2017-11-09,1.7182654898157774,1.474425034864838,2.4889125179853626,1.8681177236802797,2.52614101068781,1.6453127785415635,1.5922237520939115,1.4733595342074775
2017-11-10,1.7171334269276348,1.4730049687161784,2.4851776732058477,1.867627931759926,2.524211683928611,1.6431619509783675,1.5899162799372755,1.473999048306388
2017-11-13,1.7201905242997804,1.4802824578178286,2.4975808801635875,1.8734230315097367,2.5349045608096294,1.6477829234400512,1.5957851646099896,1.4764753135987598
2017-11-14,1.7207048925889596,1.4861241257880253,2.503185608315749,1.8769234256561627,2.53973525874241,1.650009172894498,1.5985770097476615,1.47508958286376
2017-11-15,1.7100833422055706,1.4765356731883361,2.491742077860986,1.866224642403262,2.526928102996988,1.6401382026784412,1.588321815368836,1.4674494377976075
2017-11-16,1.7159678123528466,1.479290050028115,2.502517239734913,1.8736767417785085,2.5383841817946147,1.6449217763941466,1.593084313124645,1.4798584940945037
2017-11-17,1.7070022913370029,1.4681142267770801,2.4887520391784803,1.862454137432252,2.5244513861112194,1.6356912974818651,1.5835127002402827,1.4828713559484825
2017-11-20,1.710647514054253,1.4711286411714426,2.5014193368982687,1.8704252717057446,2.5372776390446603,1.638917189005217,1.5866879994150547,1.4844362108600384
2017-11-21,1.719998463541282,1.4806704786238787,2.521679078145401,1.8834203793472943,2.557325984419074,1.6479002475981404,1.5961666240402894,1.4896765082114172
2017-11-22,1.720051524113299,1.4784502696833144,2.513796334227145,1.8777677048513972,2.549537642383613,1.6470950652027179,1.5946736130375045,1.4893734725534076
2017-11-24,1.7249831474969157,1.4825106421695349,2.5215576623688425,1.8838459173470243,2.5574299373802356,1.6517099260163883,1.5992710243948003,1.4901962408852336
2017-11-27,1.7244684580821772,1.4842878607500845,2.524074460491199,1.8860010157162865,2.559416438937883,1.65248188113215,1.600818805568918,1.488701117850842
2017-11-28,1.7401856344215552,1.4974248786008233,2.552257052971769,1.906652098007086,2.5871775780544017,1.667451051927115,1.615293144753193,1.5058171634805322
2017-11-29,1.7399049733148693,1.5001684562781845,2.5528711767592513,1.9050610876495875,2.5860121819873303,1.6693295335224674,1.6182472523098463,1.5137968163918636
2017-11-30,1.7568723564909967,1.512034224254255,2.5856977029607022,1.9232240327070276,2.6192122584852493,1.6840452775826673,1.6311683727666109,1.524622822544374
2017-12-01,1.7551965097906321,1.5125615363770262,2.573603522808528,1.917126211731529,2.6063855598807604,1.683117323133249,1.6304413585725424,1.5215683014428594
2017-12-04,1.75318293412647,1.5121609488658787,2.56784377676901,1.9074376012934149,2.5988640937248757,1.68124578057233,1.631141347524574,1.5251306916759537
2017-12-05,1.7455377808142938,1.5090601887341075,2.564897556196853,1.9055330989578187,2.595677651431481,1.6748890578647315,1.6254270774227448,1.5149684204378882
2017-12-06,1.7457648132492105,1.5117004433415024,2.5758902248019853,1.9119622358165638,2.606285337071713,1.6764086764878545,1.6269906888520798,1.5118448052776459
2017-12-07,1.7482790638607344,1.509237630714414,2.5883570725696923,1.9174702413465126,2.6187008758906325,1.677053410742609,1.6256907643954135,1.5183358248105652
2017-12-08,1.7561426552803014,1.5121606780271744,2.6038739260772195,1.9264294505237172,2.6340335776286787,1.6831071692298596,1.6315156010376846,1.528162145520613
2017-12-11,1.7620991909148542,1.5165645921516837,2.602852938688535,1.9290139120779137,2.634094865195584,1.6888030826055516,1.6373910127899922,1.530022228048197
2017-12-12,1.7675143752581246,1.5173369669828392,2.606514661787195,1.9289785377664945,2.6373562579044076,1.692858121255398,1.6399997565307203,1.5295641336635162
2017-12-13,1.771190470661825,1.5232015855083672,2.6121001945873528,1.9338118328868437,2.643060735662274,1.697937149503456,1.6458680976836368,1.52806621796879
2017-12-14,1.767398334919275,1.5208016559308204,2.611740740637719,1.9303666660554555,2.6423160655318507,1.6943504005694574,1.641973908980833,1.5192685063553306
2017-12-15,1.7807678220255827,1.5299534605888738,2.621085400174415,1.9389480697970274,2.6524297907553582,1.7059355896708508,1.652718792513167,1.5335168834905921
2017-12-18,1.7915030046943186,1.529201741298572,2.6292737032462408,1.9435918243671642,2.6612863197490766,1.7120383631156573,1.6561801338843218,1.544531112955494
2017-12-19,1.7859008979870412,1.5239806526191666,2.6217414364392875,1.9362815544894627,2.653002132189438,1.705961833654914,1.6511268176015317,1.5397775024532394
2017-12-20,1.7869610480142444,1.5193142047031125,2.6180585955847535,1.9315505278093972,2.648751933071959,1.705081819865062,1.6503376605394755,1.5395108284273678
2017-12-21,1.792140428332835,1.519758113615274,2.6162831434907705,1.930963557117287,2.6464217799698875,1.7081150389568218,1.6524541689735641,1.543143943332518
2017-12-22,1.791515942061349,1.5176742796285603,2.6135009408917975,1.928239312257317,2.6434084324725906,1.7073069657889133,1.6521258198931947,1.5443288799847426
2017-12-26,1.7931881699651833,1.5193321402501472,2.6155650609244185,1.928249877802464,2.644823210128451,1.7087401970721126,1.6530290909112093,1.5462423231546691
2017-12-27,1.7957389642892494,1.5228391701277753,2.624538223135296,1.9350185140578944,2.653678016501396,1.7118127598460937,1.6562494492015691,1.5463875440054073
2017-12-28,1.7986709822211062,1.5251123578408947,2.6340511305420597,1.9417671595485364,2.6631957091992815,1.7148061168826314,1.6590515648525495,1.5500278479543668
2017-12-29,1.7903406652846485,1.5203217003944205,2.620614500416843,1.9317709401150307,2.6491254264080406,1.7081052563909516,1.6534563235169606,1.5419069770285276
2018-01-02,1.7981908363538486,1.5195703046768634,2.6183393960549495,1.9302965317268008,2.648260845052465,1.7111673663545217,1.6539402200984508,1.5541116498766343
2018-01-03,1.8014427275401315,1.5218081476318759,2.621703697400279,1.933786159185396,2.6529376381705845,1.7118701981466447,1.6556326290684567,1.5628218505397413
2018-01-04,1.8056210442004577,1.5252978782030662,2.623360715061704,1.9388878483554481,2.655540474966973,1.7147573030785446,1.659712659413349,1.5674817811920507
2018-01-05,1.8171174469784508,1.5312120830347424,2.6634661541028826,1.9608888102601663,2.6964377249090687,1.7243715973347096,1.6688965195902183,1.5758957906506932
2018-01-08,1.8226878954735863,1.5335297084042598,2.6744647200471525,1.966368655645578,2.7078391851732286,1.728293257279042,1.671063925286832,1.5807479934005755
2018-01-09,1.8205626870224054,1.5326789092932895,2.6922482925429136,1.9753017110157918,2.725702195476671,1.7253225808327357,1.6699876406746388,1.580182337310458
2018-01-10,1.8136667488327303,1.5259749472889237,2.6818346912510402,1.9672311978389774,2.7156269261484582,1.7173827754140705,1.6621697412431935,1.5760815464155733
2018-01-11,1.8241811498574538,1.529378066268055,2.705654422529077,1.9784239138584063,2.7397857493146853,1.7242564531808589,1.668874278925922,1.5904155916483984
2018-01-12,1.8362557783720077,1.5347055017975293,2.7281626365055414,1.9910740259674953,2.7631139239969835,1.7333113791966166,1.6764779839098447,1.6002127953511547
2018-01-16,1.8329424003181993,1.5377169751074704,2.733698779506923,1.9984260849105837,2.768880421463946,1.7327055724632416,1.6770016421429879,1.5897081859996711
2018-01-17,1.8492825799944053,1.5525325759596833,2.782332344813462,2.023496942392666,2.817200298545276,1.7478819321571542,1.6928159508274578,1.6027585355073846
2018-01-18,1.8426301596571844,1.5445372057473532,2.75632175296312,2.014818415876243,2.792611030983113,1.740653360499404,1.6859852993923066,1.5985710656186642
2018-01-19,1.8502875672724741,1.5499611381806861,2.767977711568075,2.0250198326517697,2.804335001793924,1.7470734267652106,1.6925428787164485,1.6088317474721345
2018-01-22,1.8673875403725182,1.5606477787324813,2.7834668228313113,2.0354361455232133,2.81971078752731,1.7614594936809054,1.7056894424194358,1.6200630316722158
2018-01-23,1.8685203594249304,1.5596778390000317,2.7837532003336856,2.0344781689674503,2.8207866995681594,1.7614809737231722,1.7017852406553995,1.6253689899177377
2018-01-24,1.869559594961115,1.5614870981240254,2.7778957119112997,2.031718267107128,2.814489814550879,1.7626973525785226,1.7032748492169725,1.6256193681790623
2018-01-25,1.8723763442968397,1.5679829786607573,2.80366500133845,2.0449840511932726,2.839754125114023,1.7670526320341233,1.709150401853575,1.6245870393451254
2018-01-26,1.892459368087249,1.5885365667840683,2.8328301915159737,2.0679157838825404,2.8681111963564603,1.7858963386020688,1.725379691322984,1.6400607573299526
2018-01-29,1.8789665617456106,1.5736540373022558,2.8079512654756504,2.048858328681852,2.8431397737302806,1.7707639244986386,1.7085419882977175,1.6278099353308857
2018-01-30,1.8635013910222216,1.5583110430450438,2.7793642859326484,2.0268941845014163,2.8142881752501148,1.7571141217393031,1.6942448722880759,1.6096845220080935
2018-01-31,1.8698901528795855,1.5611350150615042,2.811903123324497,2.0372369300521544,2.8470080782525735,1.7623255553489658,1.6960864025463507,1.6096057468676372
2018-02-01,1.866282347210817,1.5558229006124977,2.8010375387481865,2.0285411791727563,2.835042299178928,1.7578618186125046,1.6916925182216838,1.6056582753346815
2018-02-02,1.8235108547175585,1.524803286070996,2.7560991065185436,1.9991307963024054,2.7901100955953275,1.7206882620385848,1.6582824316520972,1.5733112533619507
2018-02-05,1.7518561950668938,1.4684604232136995,2.6378376051754264,1.9172625559833347,2.669684769011149,1.6567362631944087,1.595041240622021,1.5152448002783927
2018-02-06,1.7804623551014669,1.4777524163219844,2.6893747710624836,1.947546241754241,2.723479050101164,1.676395423082726,1.6103161840466558,1.535479830500623
2018-02-07,1.7710525901268206,1.4687761563309711,2.694335924229632,1.9467104332558205,2.728560676411872,1.6673909274116887,1.6022775319076579,1.5310912710549212
